week,region,retail_cpg,wholesale_cpg
2019-01-07,MUSA GEO-A,196.5189,136.7923
2019-01-14,MUSA GEO-A,199.4687,140.0068
2019-01-21,MUSA GEO-A,200.5369,139.5593
2019-01-28,MUSA GEO-A,203.7878,137.6688
2019-02-04,MUSA GEO-A,204.1453,144.2771
2019-02-11,MUSA GEO-A,207.0956,150.6760
2019-02-18,MUSA GEO-A,213.2196,154.5599
2019-02-25,MUSA GEO-A,221.6264,153.6742
2019-03-04,MUSA GEO-A,227.1010,170.7000
2019-03-11,MUSA GEO-A,231.5888,180.5004
2019-03-18,MUSA GEO-A,240.1225,188.1268
2019-03-25,MUSA GEO-A,247.3351,190.2748
2019-04-01,MUSA GEO-A,254.8444,192.6911
2019-04-08,MUSA GEO-A,256.6655,201.8170
2019-04-15,MUSA GEO-A,264.2149,201.8792
2019-04-22,MUSA GEO-A,262.5726,208.5707
2019-04-29,MUSA GEO-A,266.3942,200.4719
2019-05-06,MUSA GEO-A,266.3684,188.9711
2019-05-13,MUSA GEO-A,261.6981,191.0886
2019-05-20,MUSA GEO-A,261.1367,187.9711
2019-05-27,MUSA GEO-A,256.8891,183.1455
2019-06-03,MUSA GEO-A,255.2536,166.9285
2019-06-10,MUSA GEO-A,247.8684,167.2813
2019-06-17,MUSA GEO-A,242.4798,171.0711
2019-06-24,MUSA GEO-A,240.4846,185.5800
2019-07-01,MUSA GEO-A,248.4425,187.2345
2019-07-08,MUSA GEO-A,254.4979,192.9170
2019-07-15,MUSA GEO-A,258.8389,183.3622
2019-07-22,MUSA GEO-A,257.3498,182.3260
2019-07-29,MUSA GEO-A,252.7026,182.1447
2019-08-05,MUSA GEO-A,249.1760,165.5256
2019-08-12,MUSA GEO-A,241.0290,163.8341
2019-08-19,MUSA GEO-A,237.7344,170.8825
2019-08-26,MUSA GEO-A,235.8626,173.3574
2019-09-02,MUSA GEO-A,234.5747,162.5719
2019-09-09,MUSA GEO-A,233.6824,166.1069
2019-09-16,MUSA GEO-A,233.6663,176.6524
2019-09-23,MUSA GEO-A,245.7270,172.3439
2019-09-30,MUSA GEO-A,239.5597,163.6341
2019-10-07,MUSA GEO-A,238.0417,166.0975
2019-10-14,MUSA GEO-A,235.0810,167.4511
2019-10-21,MUSA GEO-A,237.1137,168.2873
2019-10-28,MUSA GEO-A,231.7362,169.1601
2019-11-04,MUSA GEO-A,232.4613,167.3503
2019-11-11,MUSA GEO-A,234.1817,163.3780
2019-11-18,MUSA GEO-A,231.6936,164.8060
2019-11-25,MUSA GEO-A,231.5418,167.9796
2019-12-02,MUSA GEO-A,233.1605,158.4971
2019-12-09,MUSA GEO-A,232.1269,162.3056
2019-12-16,MUSA GEO-A,232.1520,165.1503
2019-12-23,MUSA GEO-A,231.2765,172.6430
2019-12-30,MUSA GEO-A,237.2902,172.1430
2020-01-06,MUSA GEO-A,237.2861,167.7520
2020-01-13,MUSA GEO-A,236.4732,164.0154
2020-01-20,MUSA GEO-A,232.5603,155.8699
2020-01-27,MUSA GEO-A,228.9201,149.3337
2020-02-03,MUSA GEO-A,222.5498,146.5516
2020-02-10,MUSA GEO-A,218.5770,151.7869
2020-02-17,MUSA GEO-A,219.3570,155.4112
2020-02-24,MUSA GEO-A,225.3989,142.6597
2020-03-02,MUSA GEO-A,219.9653,146.2220
2020-03-09,MUSA GEO-A,214.3424,100.9862
2020-03-16,MUSA GEO-A,201.3032,64.8842
2020-03-23,MUSA GEO-A,188.9361,44.0167
2020-03-30,MUSA GEO-A,177.7992,50.5484
2020-04-06,MUSA GEO-A,167.9992,56.8599
2020-04-13,MUSA GEO-A,160.6027,59.8105
2020-04-20,MUSA GEO-A,157.0399,51.4251
2020-04-27,MUSA GEO-A,153.8690,59.3893
2020-05-04,MUSA GEO-A,155.5841,78.6504
2020-05-11,MUSA GEO-A,162.1678,80.9842
2020-05-18,MUSA GEO-A,165.5028,92.5051
2020-05-25,MUSA GEO-A,173.7422,90.2409
2020-06-01,MUSA GEO-A,174.9265,102.6652
2020-06-08,MUSA GEO-A,180.8521,107.7473
2020-06-15,MUSA GEO-A,189.6715,114.1747
2020-06-22,MUSA GEO-A,193.0158,114.7862
2020-06-29,MUSA GEO-A,197.7416,115.4115
2020-07-06,MUSA GEO-A,197.9949,119.9041
2020-07-13,MUSA GEO-A,199.4122,116.4346
2020-07-20,MUSA GEO-A,198.0502,119.7325
2020-07-27,MUSA GEO-A,195.9504,116.5862
2020-08-03,MUSA GEO-A,196.3652,115.6220
2020-08-10,MUSA GEO-A,194.2361,118.4399
2020-08-17,MUSA GEO-A,195.4396,126.9642
2020-08-24,MUSA GEO-A,196.6357,136.2949
2020-08-31,MUSA GEO-A,200.1337,122.5757
2020-09-07,MUSA GEO-A,200.0853,110.9967
2020-09-14,MUSA GEO-A,196.3743,119.4325
2020-09-21,MUSA GEO-A,194.7373,120.4588
2020-09-28,MUSA GEO-A,195.0655,120.1136
2020-10-05,MUSA GEO-A,195.7488,123.3588
2020-10-12,MUSA GEO-A,195.2390,118.4241
2020-10-19,MUSA GEO-A,193.0604,114.8420
2020-10-26,MUSA GEO-A,192.8102,107.1693
2020-11-02,MUSA GEO-A,188.3282,107.1883
2020-11-09,MUSA GEO-A,185.8370,114.2883
2020-11-16,MUSA GEO-A,187.5521,114.9051
2020-11-23,MUSA GEO-A,186.6798,123.6409
2020-11-30,MUSA GEO-A,187.8909,123.2146
2020-12-07,MUSA GEO-A,194.2654,126.9693
2020-12-14,MUSA GEO-A,194.0274,134.4420
2020-12-21,MUSA GEO-A,203.4957,134.9788
2020-12-28,MUSA GEO-A,204.8226,137.9146
2021-01-04,MUSA GEO-A,204.1927,145.0967
2021-01-11,MUSA GEO-A,212.6364,153.3051
2021-01-18,MUSA GEO-A,219.8724,153.0883
2021-01-25,MUSA GEO-A,220.3250,155.6609
2021-02-01,MUSA GEO-A,221.4826,161.9241
2021-02-08,MUSA GEO-A,227.3962,164.2872
2021-02-15,MUSA GEO-A,231.3630,174.8167
2021-02-22,MUSA GEO-A,246.1084,182.6085
2021-03-01,MUSA GEO-A,252.0157,192.5528
2021-03-08,MUSA GEO-A,258.8219,203.7583
2021-03-15,MUSA GEO-A,268.4940,198.7176
2021-03-22,MUSA GEO-A,269.2794,188.7739
2021-03-29,MUSA GEO-A,267.5872,194.3080
2021-04-05,MUSA GEO-A,267.4329,192.9080
2021-04-12,MUSA GEO-A,265.9561,197.8397
2021-04-19,MUSA GEO-A,265.3913,195.5844
2021-04-26,MUSA GEO-A,266.9346,200.1291
2021-05-03,MUSA GEO-A,266.9997,206.7899
2021-05-10,MUSA GEO-A,275.2679,207.5663
2021-05-17,MUSA GEO-A,283.8078,204.2045
2021-05-24,MUSA GEO-A,281.5387,205.2452
2021-05-31,MUSA GEO-A,280.8127,210.9688
2021-06-07,MUSA GEO-A,280.3292,212.7266
2021-06-14,MUSA GEO-A,286.1631,208.7713
2021-06-21,MUSA GEO-A,283.4708,217.3990
2021-06-28,MUSA GEO-A,286.3529,219.4950
2021-07-05,MUSA GEO-A,289.8419,220.1909
2021-07-12,MUSA GEO-A,290.9344,222.8924
2021-07-19,MUSA GEO-A,292.4076,215.4070
2021-07-26,MUSA GEO-A,289.3099,228.5135
2021-08-02,MUSA GEO-A,291.4259,223.4241
2021-08-09,MUSA GEO-A,292.9146,223.8412
2021-08-16,MUSA GEO-A,293.2406,207.9306
2021-08-23,MUSA GEO-A,288.6063,227.4930
2021-08-30,MUSA GEO-A,286.9182,228.9332
2021-09-06,MUSA GEO-A,292.4541,221.4638
2021-09-13,MUSA GEO-A,290.4192,224.0769
2021-09-20,MUSA GEO-A,292.8512,217.1427
2021-09-27,MUSA GEO-A,292.8775,226.1437
2021-10-04,MUSA GEO-A,293.6372,236.5517
2021-10-11,MUSA GEO-A,303.0274,244.0492
2021-10-18,MUSA GEO-A,307.6464,250.1150
2021-10-25,MUSA GEO-A,314.8635,251.1372
2021-11-01,MUSA GEO-A,314.7535,240.9613
2021-11-08,MUSA GEO-A,317.6153,234.1718
2021-11-15,MUSA GEO-A,314.3194,229.0442
2021-11-22,MUSA GEO-A,313.0352,229.2784
2021-11-29,MUSA GEO-A,310.1991,202.1332
2021-12-06,MUSA GEO-A,306.7743,214.2452
2021-12-13,MUSA GEO-A,302.9222,213.3572
2021-12-20,MUSA GEO-A,301.1392,215.9794
2021-12-27,MUSA GEO-A,298.6491,225.7477
2022-01-03,MUSA GEO-A,300.1329,229.2161
2022-01-10,MUSA GEO-A,301.3077,237.7713
2022-01-17,MUSA GEO-A,303.9332,245.3819
2022-01-24,MUSA GEO-A,307.0758,250.9924
2022-01-31,MUSA GEO-A,312.2117,262.1583
2022-02-07,MUSA GEO-A,322.3602,269.5688
2022-02-14,MUSA GEO-A,326.2753,268.8859
2022-02-21,MUSA GEO-A,334.6212,267.8563
2022-02-28,MUSA GEO-A,341.9737,309.6229
2022-03-07,MUSA GEO-A,391.7193,329.1993
2022-03-14,MUSA GEO-A,411.7732,302.2184
2022-03-21,MUSA GEO-A,401.0260,330.5318
2022-03-28,MUSA GEO-A,397.8646,311.6758
2022-04-04,MUSA GEO-A,392.1886,307.4987
2022-04-11,MUSA GEO-A,383.5346,315.0114
2022-04-18,MUSA GEO-A,381.7326,317.7764
2022-04-25,MUSA GEO-A,387.9810,334.8724
2022-05-02,MUSA GEO-A,396.8105,359.8193
2022-05-09,MUSA GEO-A,410.4925,376.1964
2022-05-16,MUSA GEO-A,427.9225,382.7258
2022-05-23,MUSA GEO-A,437.5155,387.5455
2022-05-30,MUSA GEO-A,438.2440,420.6812
2022-06-06,MUSA GEO-A,466.8844,427.9065
2022-06-13,MUSA GEO-A,479.1144,398.3348
2022-06-20,MUSA GEO-A,474.2124,388.9915
2022-06-27,MUSA GEO-A,463.2773,387.7800
2022-07-04,MUSA GEO-A,450.4911,346.2839
2022-07-11,MUSA GEO-A,436.4502,331.4451
2022-07-18,MUSA GEO-A,419.4732,320.4388
2022-07-25,MUSA GEO-A,402.3928,336.0691
2022-08-01,MUSA GEO-A,387.3922,291.1610
2022-08-08,MUSA GEO-A,371.4464,293.0765
2022-08-15,MUSA GEO-A,360.9499,285.2749
2022-08-22,MUSA GEO-A,356.8030,285.6029
2022-08-29,MUSA GEO-A,352.7576,268.3610
2022-09-05,MUSA GEO-A,343.3635,252.7009
2022-09-12,MUSA GEO-A,334.7656,260.8393
2022-09-19,MUSA GEO-A,333.1033,260.3128
2022-09-26,MUSA GEO-A,332.9615,267.3525
2022-10-03,MUSA GEO-A,329.9991,291.9931
2022-10-10,MUSA GEO-A,347.5702,283.8350
2022-10-17,MUSA GEO-A,347.9803,277.4500
2022-10-24,MUSA GEO-A,339.5666,303.9153
2022-10-31,MUSA GEO-A,336.5057,287.3496
2022-11-07,MUSA GEO-A,344.2228,276.6335
2022-11-14,MUSA GEO-A,340.4996,252.4915
2022-11-21,MUSA GEO-A,328.7575,247.4090
2022-11-28,MUSA GEO-A,318.4696,229.3857
2022-12-05,MUSA GEO-A,305.8265,210.4218
2022-12-12,MUSA GEO-A,294.0744,212.5635
2022-12-19,MUSA GEO-A,283.2133,224.7996
2022-12-26,MUSA GEO-A,283.7141,245.6327
2023-01-02,MUSA GEO-A,302.9516,236.0803
2023-01-09,MUSA GEO-A,305.6854,246.3455
2023-01-16,MUSA GEO-A,312.0409,266.2121
2023-01-23,MUSA GEO-A,323.9837,269.9249
2023-01-30,MUSA GEO-A,330.6573,252.5590
2023-02-06,MUSA GEO-A,324.4453,253.1193
2023-02-13,MUSA GEO-A,317.0004,252.8413
2023-02-20,MUSA GEO-A,313.9049,233.3737
2023-02-27,MUSA GEO-A,307.2166,244.0082
2023-03-06,MUSA GEO-A,312.7433,254.4472
2023-03-13,MUSA GEO-A,321.3537,244.1559
2023-03-20,MUSA GEO-A,318.0005,251.2289
2023-03-27,MUSA GEO-A,319.3873,261.1362
2023-04-03,MUSA GEO-A,328.9597,275.4969
2023-04-10,MUSA GEO-A,340.4828,281.9953
2023-04-17,MUSA GEO-A,347.2233,260.8590
2023-04-24,MUSA GEO-A,344.0952,250.3992
2023-05-01,MUSA GEO-A,335.0454,237.5554
2023-05-08,MUSA GEO-A,325.7211,244.5880
2023-05-15,MUSA GEO-A,328.3134,248.3607
2023-05-22,MUSA GEO-A,325.3667,263.7587
2023-05-29,MUSA GEO-A,330.4518,251.0301
2023-06-05,MUSA GEO-A,325.2213,259.1397
2023-06-12,MUSA GEO-A,333.7553,253.9341
2023-06-19,MUSA GEO-A,329.6407,246.3281
2023-06-26,MUSA GEO-A,332.0816,243.1720
2023-07-03,MUSA GEO-A,325.0950,247.5079
2023-07-10,MUSA GEO-A,329.5756,259.4677
2023-07-17,MUSA GEO-A,329.5493,267.3728
2023-07-24,MUSA GEO-A,335.8529,289.8542
2023-07-31,MUSA GEO-A,353.9066,284.8472
2023-08-07,MUSA GEO-A,360.1483,293.1000
2023-08-14,MUSA GEO-A,359.2813,290.2963
2023-08-21,MUSA GEO-A,361.2065,293.1848
2023-08-28,MUSA GEO-A,353.2494,282.4326
2023-09-04,MUSA GEO-A,352.0859,283.0986
2023-09-11,MUSA GEO-A,351.5372,294.4933
2023-09-18,MUSA GEO-A,356.2599,285.8076
2023-09-25,MUSA GEO-A,348.4076,277.6259
2023-10-02,MUSA GEO-A,342.4260,245.2880
2023-10-09,MUSA GEO-A,331.8088,236.7304
2023-10-16,MUSA GEO-A,320.0640,243.2085
2023-10-23,MUSA GEO-A,317.8658,231.8431
2023-10-30,MUSA GEO-A,312.9636,218.6046
2023-11-06,MUSA GEO-A,304.7984,216.2284
2023-11-13,MUSA GEO-A,301.1881,214.0759
2023-11-20,MUSA GEO-A,296.6945,219.2507
2023-11-27,MUSA GEO-A,290.3446,217.7520
2023-12-04,MUSA GEO-A,293.7063,203.2563
2023-12-11,MUSA GEO-A,282.6922,201.0526
2023-12-18,MUSA GEO-A,273.7228,217.1043
2023-12-25,MUSA GEO-A,286.4418,216.2239
2024-01-01,MUSA GEO-A,281.9757,213.2225
2024-01-08,MUSA GEO-A,282.4671,210.4205
2024-01-15,MUSA GEO-A,282.2856,216.7950
2024-01-22,MUSA GEO-A,284.1561,224.5079
2024-01-29,MUSA GEO-A,289.5727,223.8475
2024-02-05,MUSA GEO-A,294.7839,229.3837
2024-02-12,MUSA GEO-A,298.3049,236.3927
2024-02-19,MUSA GEO-A,307.3829,233.6382
2024-02-26,MUSA GEO-A,302.7911,239.2015
2024-03-04,MUSA GEO-A,313.1391,239.6066
2024-03-11,MUSA GEO-A,314.4564,255.4567
2024-03-18,MUSA GEO-A,323.5402,261.1265
2024-03-25,MUSA GEO-A,331.2511,254.4397
2024-04-01,MUSA GEO-A,327.8584,265.0801
2024-04-08,MUSA GEO-A,334.3485,267.4470
2024-04-15,MUSA GEO-A,334.0860,263.5691
2024-04-22,MUSA GEO-A,339.8512,263.9698
2024-04-29,MUSA GEO-A,337.3528,254.9624
2024-05-06,MUSA GEO-A,338.6789,245.5110
2024-05-13,MUSA GEO-A,333.4007,244.5999
2024-05-20,MUSA GEO-A,330.7787,243.2852
2024-05-27,MUSA GEO-A,332.2890,235.2676
2024-06-03,MUSA GEO-A,324.2769,226.8146
2024-06-10,MUSA GEO-A,314.5846,229.8676
2024-06-17,MUSA GEO-A,318.1766,236.4242
2024-06-24,MUSA GEO-A,320.3627,240.9860
2024-07-01,MUSA GEO-A,326.3861,249.2308
2024-07-08,MUSA GEO-A,326.3888,242.7418
2024-07-15,MUSA GEO-A,329.1328,239.3889
2024-07-22,MUSA GEO-A,325.0865,238.2448
2024-07-29,MUSA GEO-A,329.2776,235.7117
2024-08-05,MUSA GEO-A,324.0899,236.7441
2024-08-12,MUSA GEO-A,320.0615,234.5117
2024-08-19,MUSA GEO-A,317.2081,228.1743
2024-08-26,MUSA GEO-A,308.4322,223.5368
2024-09-02,MUSA GEO-A,304.9884,197.4882
2024-09-09,MUSA GEO-A,298.0756,196.7794
2024-09-16,MUSA GEO-A,290.3558,204.6448
2024-09-23,MUSA GEO-A,292.4533,203.0316
2024-09-30,MUSA GEO-A,292.5216,207.2029
2024-10-07,MUSA GEO-A,289.8001,216.9338
2024-10-14,MUSA GEO-A,292.3839,207.1595
2024-10-21,MUSA GEO-A,289.4651,202.7352
2024-10-28,MUSA GEO-A,283.6525,196.7367
2024-11-04,MUSA GEO-A,280.9368,204.8838
2024-11-11,MUSA GEO-A,280.0078,196.4367
2024-11-18,MUSA GEO-A,281.5713,203.4404
2024-11-25,MUSA GEO-A,281.7162,196.8713
2024-12-02,MUSA GEO-A,279.4201,194.9168
2024-12-09,MUSA GEO-A,278.8187,197.3433
2024-12-16,MUSA GEO-A,279.3063,195.1830
2024-12-23,MUSA GEO-A,281.8486,199.7823
2024-12-30,MUSA GEO-A,279.3904,205.5662
2025-01-06,MUSA GEO-A,284.1392,207.4316
2025-01-13,MUSA GEO-A,283.7168,217.3389
2025-01-20,MUSA GEO-A,289.2382,209.8757
2025-01-27,MUSA GEO-A,288.8020,208.0338
2025-02-03,MUSA GEO-A,285.3517,212.0500
2025-02-10,MUSA GEO-A,288.4164,212.9956
2025-02-17,MUSA GEO-A,288.6713,211.3970
2025-02-24,MUSA GEO-A,285.9811,198.8270
2025-03-03,MUSA GEO-A,280.0379,195.9285
2025-03-10,MUSA GEO-A,282.2813,197.9711
2025-03-17,MUSA GEO-A,280.6358,205.8631
2025-03-24,MUSA GEO-A,288.7159,209.0645
2025-03-31,MUSA GEO-A,290.5320,211.2773
2025-04-07,MUSA GEO-A,299.5071,188.1280
2025-04-14,MUSA GEO-A,290.3781,192.4735
2025-04-21,MUSA GEO-A,286.4128,198.3100
2025-04-28,MUSA GEO-A,285.9881,193.4451
2025-05-05,MUSA GEO-A,289.6346,197.6503
2025-05-12,MUSA GEO-A,284.3392,204.1347
2025-05-19,MUSA GEO-A,291.7012,207.2451
2025-05-26,MUSA GEO-A,289.0911,197.1270
2025-06-02,MUSA GEO-A,285.9936,197.4802
2025-06-09,MUSA GEO-A,286.7286,208.3986
2025-06-16,MUSA GEO-A,289.1242,224.6966
2025-06-23,MUSA GEO-A,298.4415,206.2070
2025-06-30,MUSA GEO-A,289.7163,208.1497
2025-07-07,MUSA GEO-A,286.2954,215.1146
2025-07-14,MUSA GEO-A,288.7466,212.6653
2025-07-21,MUSA GEO-A,288.4732,209.7170
2025-07-28,MUSA GEO-A,290.3419,214.7615
2025-08-04,MUSA GEO-A,290.1828,206.1132
2025-08-11,MUSA GEO-A,285.8875,207.2469
2025-08-18,MUSA GEO-A,289.7847,213.5351
2025-08-25,MUSA GEO-A,288.3341,214.3198
2025-09-01,MUSA GEO-A,292.4441,210.4551
2025-09-08,MUSA GEO-A,291.1420,204.0048
2025-09-15,MUSA GEO-A,289.5738,207.4892
2025-09-22,MUSA GEO-A,288.8311,205.8503
2025-09-29,MUSA GEO-A,282.5943,195.9309
2025-10-06,MUSA GEO-A,286.4273,195.0683
2025-10-13,MUSA GEO-A,276.4094,188.2503
2025-10-20,MUSA GEO-A,272.3576,189.2441
2025-10-27,MUSA GEO-A,275.8003,191.3289
2025-11-03,MUSA GEO-A,272.1032,196.1673
2025-11-10,MUSA GEO-A,276.9961,199.1038
2025-11-17,MUSA GEO-A,279.1622,195.3545
2025-11-24,MUSA GEO-A,282.0480,184.5146
2025-12-01,MUSA GEO-A,271.9200,184.0507
2025-12-08,MUSA GEO-A,267.2364,178.1507
2025-12-15,MUSA GEO-A,264.8694,169.6469
2025-12-22,MUSA GEO-A,260.1613,173.7066
2025-12-29,MUSA GEO-A,256.2648,180.8299
2026-01-05,MUSA GEO-A,254.7805,197.6170
2026-01-12,MUSA GEO-A,253.9669,204.8663
2026-01-19,MUSA GEO-A,257.5820,208.5649
2026-01-26,MUSA GEO-A,263.6292,213.3754
2026-02-02,MUSA GEO-A,262.6195,215.1455
2026-02-09,MUSA GEO-A,264.4518,212.7715
2026-02-16,MUSA GEO-A,264.6431,184.1349
2026-02-23,MUSA GEO-A,267.3458,189.2517
2026-03-02,MUSA GEO-A,275.7951,245.6138
2026-03-09,MUSA GEO-A,325.7574,275.2190
2026-03-16,MUSA GEO-A,347.2289,313.9716
2026-03-23,MUSA GEO-A,369.8082,306.0319
2026-03-30,MUSA GEO-A,370.3725,327.5879
2026-04-06,MUSA GEO-A,386.7672,308.6966
2026-04-13,MUSA GEO-A,384.5529,303.9095
2026-04-20,MUSA GEO-A,374.2205,333.2612
2026-04-27,MUSA GEO-A,380.6556,365.8483
2026-05-04,MUSA GEO-A,414.5431,356.3560
2026-05-11,MUSA GEO-A,418.9775,366.2448
2026-05-18,MUSA GEO-A,414.7366,357.5155
2026-05-25,MUSA GEO-A,417.2154,318.1224
2026-06-01,MUSA GEO-A,396.2667,310.8707
2026-06-08,MUSA GEO-A,378.0932,306.1371
2026-06-15,MUSA GEO-A,370.1125,292.7698
2026-06-22,MUSA GEO-A,358.5052,295.8578
2026-06-29,MUSA GEO-A,351.5501,301.5026
2026-07-06,MUSA GEO-A,349.2617,302.9164
2026-07-13,MUSA GEO-A,358.5546,328.8974
2026-07-20,MUSA GEO-A,373.5364,345.2181
2026-07-27,MUSA GEO-A,382.0265,336.6810
2026-08-03,MUSA GEO-A,376.6210,296.7612
2026-08-10,MUSA GEO-A,370.9543,317.9922
2026-08-17,MUSA GEO-A,377.3909,340.0655
2026-08-24,MUSA GEO-A,377.8790,349.5431
2026-08-31,MUSA GEO-A,375.5659,341.3414
2026-09-07,MUSA GEO-A,381.6975,353.4276
2026-09-14,MUSA GEO-A,400.4214,376.5707
