state,padd,retail_series_id,retail_geography_level,wholesale_proxy_series_id,included_in_geo_a,missing_rule
Alabama,PADD3,PET.EMM_EPMR_PTE_R30_DPG.W,PADD,PET.EER_EPMRU_PF4_RGC_DPG.W,True,
Arkansas,PADD3,PET.EMM_EPMR_PTE_R30_DPG.W,PADD,PET.EER_EPMRU_PF4_RGC_DPG.W,True,
Colorado,PADD4,PET.EMM_EPMR_PTE_SCO_DPG.W,STATE,,False,EXCLUDED_NO_VALIDATED_WHOLESALE_PROXY
Florida,PADD1C,PET.EMM_EPMR_PTE_SFL_DPG.W,STATE,PET.EER_EPMRU_PF4_Y35NY_DPG.W,True,
Georgia,PADD1C,PET.EMM_EPMR_PTE_R1Z_DPG.W,PADD_SUBDIVISION,PET.EER_EPMRU_PF4_Y35NY_DPG.W,True,
Illinois,PADD2,PET.EMM_EPMR_PTE_R20_DPG.W,PADD,PET.EER_EPMRU_PF4_RGC_DPG.W,True,
Indiana,PADD2,PET.EMM_EPMR_PTE_R20_DPG.W,PADD,PET.EER_EPMRU_PF4_RGC_DPG.W,True,
Iowa,PADD2,PET.EMM_EPMR_PTE_R20_DPG.W,PADD,PET.EER_EPMRU_PF4_RGC_DPG.W,True,
Kansas,PADD2,PET.EMM_EPMR_PTE_R20_DPG.W,PADD,PET.EER_EPMRU_PF4_RGC_DPG.W,True,
Kentucky,PADD2,PET.EMM_EPMR_PTE_R20_DPG.W,PADD,PET.EER_EPMRU_PF4_RGC_DPG.W,True,
Louisiana,PADD3,PET.EMM_EPMR_PTE_R30_DPG.W,PADD,PET.EER_EPMRU_PF4_RGC_DPG.W,True,
Michigan,PADD2,PET.EMM_EPMR_PTE_R20_DPG.W,PADD,PET.EER_EPMRU_PF4_RGC_DPG.W,True,
Minnesota,PADD2,PET.EMM_EPMR_PTE_SMN_DPG.W,STATE,PET.EER_EPMRU_PF4_RGC_DPG.W,True,
Mississippi,PADD3,PET.EMM_EPMR_PTE_R30_DPG.W,PADD,PET.EER_EPMRU_PF4_RGC_DPG.W,True,
Missouri,PADD2,PET.EMM_EPMR_PTE_R20_DPG.W,PADD,PET.EER_EPMRU_PF4_RGC_DPG.W,True,
Nebraska,PADD2,PET.EMM_EPMR_PTE_R20_DPG.W,PADD,PET.EER_EPMRU_PF4_RGC_DPG.W,True,
Nevada,PADD5,PET.EMM_EPMR_PTE_R50_DPG.W,PADD,,False,EXCLUDED_NO_VALIDATED_WHOLESALE_PROXY
New Jersey,PADD1B,PET.EMM_EPMR_PTE_R1Y_DPG.W,PADD_SUBDIVISION,PET.EER_EPMRU_PF4_Y35NY_DPG.W,True,
New Mexico,PADD3,PET.EMM_EPMR_PTE_R30_DPG.W,PADD,PET.EER_EPMRU_PF4_RGC_DPG.W,True,
New York,PADD1B,PET.EMM_EPMR_PTE_SNY_DPG.W,STATE,PET.EER_EPMRU_PF4_Y35NY_DPG.W,True,
North Carolina,PADD1C,PET.EMM_EPMR_PTE_R1Z_DPG.W,PADD_SUBDIVISION,PET.EER_EPMRU_PF4_Y35NY_DPG.W,True,
Ohio,PADD2,PET.EMM_EPMR_PTE_SOH_DPG.W,STATE,PET.EER_EPMRU_PF4_RGC_DPG.W,True,
Oklahoma,PADD2,PET.EMM_EPMR_PTE_R20_DPG.W,PADD,PET.EER_EPMRU_PF4_RGC_DPG.W,True,
South Carolina,PADD1C,PET.EMM_EPMR_PTE_R1Z_DPG.W,PADD_SUBDIVISION,PET.EER_EPMRU_PF4_Y35NY_DPG.W,True,
Tennessee,PADD2,PET.EMM_EPMR_PTE_R20_DPG.W,PADD,PET.EER_EPMRU_PF4_RGC_DPG.W,True,
Texas,PADD3,PET.EMM_EPMR_PTE_STX_DPG.W,STATE,PET.EER_EPMRU_PF4_RGC_DPG.W,True,
Utah,PADD4,PET.EMM_EPMR_PTE_R40_DPG.W,PADD,,False,EXCLUDED_NO_VALIDATED_WHOLESALE_PROXY
Virginia,PADD1C,PET.EMM_EPMR_PTE_R1Z_DPG.W,PADD_SUBDIVISION,PET.EER_EPMRU_PF4_Y35NY_DPG.W,True,
