status,transfer_week,d_code,rin_year,previous_weekly_vwap_usd_per_rin,current_weekly_vwap_usd_per_rin,previous_transaction_volume_rins,current_transaction_volume_rins
NEW,2010-06-28,D6,2010,,0.010000,,1958637
NEW,2010-07-05,D6,2010,,0.020000,,6138517
NEW,2010-07-12,D6,2010,,0.020000,,15826382
NEW,2010-07-19,D6,2010,,0.040000,,25277607
NEW,2010-07-26,D6,2010,,0.010000,,50224072
NEW,2010-08-02,D6,2010,,0.030000,,70523512
NEW,2010-08-09,D6,2010,,0.020000,,73455889
NEW,2010-08-16,D6,2010,,0.020000,,60731714
NEW,2010-08-23,D6,2010,,0.010000,,83451473
NEW,2010-08-30,D6,2010,,0.070000,,151309031
NEW,2010-09-06,D6,2010,,0.030000,,113847648
NEW,2010-09-13,D6,2010,,0.020000,,115810462
NEW,2010-09-20,D6,2010,,0.020000,,129402737
NEW,2010-09-27,D6,2010,,0.030000,,180550069
NEW,2010-10-04,D6,2010,,0.020000,,120773478
NEW,2010-10-11,D6,2010,,0.020000,,241013812
NEW,2010-10-18,D6,2010,,0.030000,,180761220
NEW,2010-10-25,D6,2010,,0.030000,,241244694
NEW,2010-11-01,D6,2010,,0.030000,,150481052
NEW,2010-11-08,D6,2010,,0.030000,,131226734
NEW,2010-11-15,D6,2010,,0.030000,,177617214
NEW,2010-11-22,D6,2010,,0.020000,,144794727
NEW,2010-11-29,D6,2010,,0.020000,,284947327
NEW,2010-12-06,D6,2010,,0.040000,,142771639
NEW,2010-12-13,D6,2010,,0.040000,,241124642
NEW,2010-12-20,D6,2010,,0.020000,,138657030
NEW,2010-12-27,D6,2010,,0.220000,,181912834
NEW,2011-01-03,D6,2010,,0.020000,,185344892
NEW,2011-01-10,D6,2010,,0.020000,,252123252
NEW,2011-01-10,D6,2011,,0.020000,,17010994
NEW,2011-01-17,D6,2010,,0.020000,,218019161
NEW,2011-01-17,D6,2011,,0.020000,,50061497
NEW,2011-01-24,D6,2010,,0.010000,,288299558
NEW,2011-01-24,D6,2011,,0.020000,,44719011
NEW,2011-01-31,D6,2010,,0.010000,,107698040
NEW,2011-01-31,D6,2011,,0.030000,,93297508
NEW,2011-02-07,D6,2010,,0.010000,,263168191
NEW,2011-02-07,D6,2011,,0.030000,,123854959
NEW,2011-02-14,D6,2010,,0.010000,,72971258
NEW,2011-02-14,D6,2011,,0.030000,,92588719
NEW,2011-02-21,D6,2010,,0.010000,,120179845
NEW,2011-02-21,D6,2011,,0.020000,,120353887
NEW,2011-02-28,D6,2010,,0.010000,,50348254
NEW,2011-02-28,D6,2011,,0.020000,,188578252
NEW,2011-03-07,D6,2010,,0.010000,,24569716
NEW,2011-03-07,D6,2011,,0.040000,,128919720
NEW,2011-03-14,D6,2010,,0.010000,,20902741
NEW,2011-03-14,D6,2011,,0.030000,,145730403
NEW,2011-03-21,D6,2010,,0.130000,,18614662
NEW,2011-03-21,D6,2011,,0.030000,,177689553
NEW,2011-03-28,D6,2010,,0.010000,,40280674
NEW,2011-03-28,D6,2011,,0.040000,,256705087
NEW,2011-04-04,D6,2010,,0.010000,,32922915
NEW,2011-04-04,D6,2011,,0.040000,,209545868
NEW,2011-04-11,D6,2010,,0.010000,,50770246
NEW,2011-04-11,D6,2011,,0.040000,,153368630
NEW,2011-04-18,D6,2010,,0.010000,,39717454
NEW,2011-04-18,D6,2011,,0.030000,,201716235
NEW,2011-04-25,D6,2010,,0.010000,,75802983
NEW,2011-04-25,D6,2011,,0.040000,,267618243
NEW,2011-05-02,D6,2010,,0.010000,,75599754
NEW,2011-05-02,D6,2011,,0.030000,,202901277
NEW,2011-05-09,D6,2010,,0.010000,,31598227
NEW,2011-05-09,D6,2011,,0.030000,,184472743
NEW,2011-05-16,D6,2010,,0.010000,,18325626
NEW,2011-05-16,D6,2011,,0.020000,,226023592
NEW,2011-05-23,D6,2010,,0.010000,,59281473
NEW,2011-05-23,D6,2011,,0.090000,,271220846
NEW,2011-05-30,D6,2010,,0.010000,,20411564
NEW,2011-05-30,D6,2011,,0.030000,,229488916
NEW,2011-06-06,D6,2010,,0.010000,,43064815
NEW,2011-06-06,D6,2011,,0.030000,,250583738
NEW,2011-06-13,D6,2010,,0.010000,,18890985
NEW,2011-06-13,D6,2011,,0.030000,,230926170
NEW,2011-06-20,D6,2010,,0.010000,,10215327
NEW,2011-06-20,D6,2011,,0.040000,,310114114
NEW,2011-06-27,D6,2010,,0.010000,,21337852
NEW,2011-06-27,D6,2011,,0.030000,,396307720
NEW,2011-07-04,D6,2010,,0.010000,,15696808
NEW,2011-07-04,D6,2011,,0.030000,,267506615
NEW,2011-07-11,D6,2010,,0.010000,,4206113
NEW,2011-07-11,D6,2011,,0.030000,,252986196
NEW,2011-07-18,D6,2010,,0.010000,,7465720
NEW,2011-07-18,D6,2011,,0.040000,,299571043
NEW,2011-07-25,D6,2010,,0.010000,,54907739
NEW,2011-07-25,D6,2011,,0.030000,,334783742
NEW,2011-08-01,D6,2010,,0.010000,,17700042
NEW,2011-08-01,D6,2011,,0.030000,,243108906
NEW,2011-08-08,D6,2010,,0.030000,,58887189
NEW,2011-08-08,D6,2011,,0.030000,,279626729
NEW,2011-08-15,D6,2010,,0.020000,,9451148
NEW,2011-08-15,D6,2011,,0.030000,,193606937
NEW,2011-08-22,D6,2010,,0.010000,,11506505
NEW,2011-08-22,D6,2011,,0.030000,,288596112
NEW,2011-08-29,D6,2010,,0.010000,,20226958
NEW,2011-08-29,D6,2011,,0.030000,,368881428
NEW,2011-09-05,D6,2010,,0.010000,,16106301
NEW,2011-09-05,D6,2011,,0.030000,,270475734
NEW,2011-09-12,D6,2010,,0.010000,,26647188
NEW,2011-09-12,D6,2011,,0.030000,,237217026
NEW,2011-09-19,D6,2010,,0.020000,,30610971
NEW,2011-09-19,D6,2011,,0.030000,,288751668
NEW,2011-09-26,D6,2010,,0.010000,,36530345
NEW,2011-09-26,D6,2011,,0.030000,,593257828
NEW,2011-10-03,D6,2010,,0.010000,,28324083
NEW,2011-10-03,D6,2011,,0.030000,,254625500
NEW,2011-10-10,D6,2010,,0.010000,,2869671
NEW,2011-10-10,D6,2011,,0.030000,,222141581
NEW,2011-10-17,D6,2011,,0.020000,,222092780
NEW,2011-10-24,D6,2010,,0.010000,,41700000
NEW,2011-10-24,D6,2011,,0.030000,,269383253
NEW,2011-10-31,D6,2010,,0.010000,,34788290
NEW,2011-10-31,D6,2011,,0.020000,,440339528
NEW,2011-11-07,D6,2011,,0.020000,,245049095
NEW,2011-11-14,D6,2011,,0.010000,,248939119
NEW,2011-11-21,D6,2011,,0.010000,,143618132
NEW,2011-11-28,D6,2010,,0.010000,,51098641
NEW,2011-11-28,D6,2011,,0.010000,,552147921
NEW,2011-12-05,D6,2010,,0.010000,,11695823
NEW,2011-12-05,D6,2011,,0.010000,,427355200
NEW,2011-12-12,D6,2010,,0.010000,,22421907
NEW,2011-12-12,D6,2011,,0.030000,,385077250
NEW,2011-12-19,D6,2011,,0.030000,,248673294
NEW,2011-12-26,D6,2010,,0.010000,,14022144
NEW,2011-12-26,D6,2011,,0.020000,,352277832
NEW,2012-01-02,D6,2011,,0.010000,,272070364
NEW,2012-01-02,D6,2012,,0.010000,,552416
NEW,2012-01-09,D6,2010,,0.010000,,52707478
NEW,2012-01-09,D6,2011,,0.040000,,402083157
NEW,2012-01-09,D6,2012,,0.010000,,2642029
NEW,2012-01-16,D6,2010,,0.010000,,412200
NEW,2012-01-16,D6,2011,,0.010000,,198148359
NEW,2012-01-16,D6,2012,,0.030000,,8080763
NEW,2012-01-23,D6,2011,,0.010000,,276894392
NEW,2012-01-23,D6,2012,,0.030000,,23805750
NEW,2012-01-30,D6,2011,,0.010000,,248770613
NEW,2012-01-30,D6,2012,,0.020000,,57103208
NEW,2012-02-06,D6,2011,,0.010000,,131783379
NEW,2012-02-06,D6,2012,,0.020000,,88795137
NEW,2012-02-13,D6,2010,,0.010000,,10268859
NEW,2012-02-13,D6,2011,,0.100000,,150661271
NEW,2012-02-13,D6,2012,,1.250000,,95307690
NEW,2012-02-20,D6,2010,,0.030000,,139680422
NEW,2012-02-20,D6,2011,,0.010000,,510268063
NEW,2012-02-20,D6,2012,,0.020000,,69320351
NEW,2012-02-27,D6,2010,,0.010000,,23209916
NEW,2012-02-27,D6,2011,,0.020000,,302602260
NEW,2012-02-27,D6,2012,,0.030000,,172768844
NEW,2012-03-05,D6,2011,,0.010000,,70064349
NEW,2012-03-05,D6,2012,,0.020000,,147459733
NEW,2012-03-12,D6,2012,,0.020000,,187943467
NEW,2012-03-19,D6,2011,,0.010000,,10310404
NEW,2012-03-19,D6,2012,,0.020000,,162834705
NEW,2012-03-26,D6,2011,,0.010000,,65931965
NEW,2012-03-26,D6,2012,,0.020000,,218889620
NEW,2012-04-02,D6,2012,,0.020000,,178978177
NEW,2012-04-09,D6,2011,,0.010000,,5870715
NEW,2012-04-09,D6,2012,,0.020000,,169658650
NEW,2012-04-16,D6,2012,,0.020000,,134208230
NEW,2012-04-23,D6,2011,,0.010000,,26992696
NEW,2012-04-23,D6,2012,,0.020000,,222837265
NEW,2012-04-30,D6,2011,,0.010000,,33061445
NEW,2012-04-30,D6,2012,,0.030000,,266535759
NEW,2012-05-07,D6,2011,,0.010000,,13344074
NEW,2012-05-07,D6,2012,,0.020000,,203062242
NEW,2012-05-14,D6,2011,,0.010000,,20238133
NEW,2012-05-14,D6,2012,,0.070000,,153498555
NEW,2012-05-21,D6,2011,,0.010000,,12060865
NEW,2012-05-21,D6,2012,,0.020000,,245774630
NEW,2012-05-28,D6,2011,,0.030000,,39427346
NEW,2012-05-28,D6,2012,,0.020000,,180373393
NEW,2012-06-04,D6,2012,,0.020000,,221294122
NEW,2012-06-11,D6,2012,,0.020000,,154441185
NEW,2012-06-18,D6,2012,,0.020000,,246196821
NEW,2012-06-25,D6,2011,,0.010000,,34391066
NEW,2012-06-25,D6,2012,,0.020000,,483586437
NEW,2012-07-02,D6,2011,,0.010000,,6092992
NEW,2012-07-02,D6,2012,,0.050000,,168995406
NEW,2012-07-09,D6,2011,,0.010000,,15642986
NEW,2012-07-09,D6,2012,,0.020000,,272207402
NEW,2012-07-16,D6,2011,,0.010000,,24528546
NEW,2012-07-16,D6,2012,,0.030000,,247060592
NEW,2012-07-23,D6,2011,,0.010000,,32110652
NEW,2012-07-23,D6,2012,,0.060000,,311090352
NEW,2012-07-30,D6,2011,,0.050000,,158328684
NEW,2012-07-30,D6,2012,,0.060000,,276516340
NEW,2012-08-06,D6,2011,,0.070000,,35341656
NEW,2012-08-06,D6,2012,,0.040000,,229966337
NEW,2012-08-13,D6,2011,,0.010000,,22178286
NEW,2012-08-13,D6,2012,,0.040000,,243370972
NEW,2012-08-20,D6,2011,,0.040000,,22215746
NEW,2012-08-20,D6,2012,,0.060000,,256609305
NEW,2012-08-27,D6,2011,,0.100000,,140135410
NEW,2012-08-27,D6,2012,,0.060000,,374208277
NEW,2012-09-03,D6,2011,,0.040000,,15453978
NEW,2012-09-03,D6,2012,,0.030000,,230001501
NEW,2012-09-10,D6,2011,,0.280000,,23456073
NEW,2012-09-10,D6,2012,,0.040000,,170384409
NEW,2012-09-17,D6,2011,,0.010000,,28250636
NEW,2012-09-17,D6,2012,,0.040000,,201904930
NEW,2012-09-24,D6,2011,,0.030000,,46952525
NEW,2012-09-24,D6,2012,,0.030000,,407538708
NEW,2012-10-01,D6,2011,,0.090000,,48214224
NEW,2012-10-01,D6,2012,,0.030000,,216882271
NEW,2012-10-08,D6,2011,,0.010000,,6763806
NEW,2012-10-08,D6,2012,,0.030000,,177825680
NEW,2012-10-15,D6,2011,,0.300000,,5509503
NEW,2012-10-15,D6,2012,,0.030000,,214920222
NEW,2012-10-22,D6,2011,,0.390000,,27193470
NEW,2012-10-22,D6,2012,,0.080000,,285189897
NEW,2012-10-29,D6,2011,,0.010000,,72502507
NEW,2012-10-29,D6,2012,,0.070000,,308628724
NEW,2012-11-05,D6,2011,,0.050000,,59768425
NEW,2012-11-05,D6,2012,,0.080000,,199169208
NEW,2012-11-12,D6,2011,,0.250000,,26332273
NEW,2012-11-12,D6,2012,,0.060000,,305801855
NEW,2012-11-19,D6,2011,,0.410000,,11670820
NEW,2012-11-19,D6,2012,,0.040000,,132566996
NEW,2012-11-26,D6,2011,,0.110000,,43747687
NEW,2012-11-26,D6,2012,,0.060000,,373184164
NEW,2012-12-03,D6,2011,,0.030000,,10580000
NEW,2012-12-03,D6,2012,,0.040000,,271107118
NEW,2012-12-10,D6,2011,,0.060000,,21473508
NEW,2012-12-10,D6,2012,,0.040000,,258540173
NEW,2012-12-17,D6,2011,,0.010000,,17752905
NEW,2012-12-17,D6,2012,,0.040000,,576520036
NEW,2012-12-24,D6,2011,,0.010000,,57886719
NEW,2012-12-24,D6,2012,,0.050000,,281275110
NEW,2012-12-31,D6,2011,,0.030000,,5032137
NEW,2012-12-31,D6,2012,,0.050000,,267751644
NEW,2012-12-31,D6,2013,,0.010000,,5032360
NEW,2013-01-07,D6,2011,,0.010000,,5117262
NEW,2013-01-07,D6,2012,,0.050000,,293319864
NEW,2013-01-07,D6,2013,,0.060000,,3361343
NEW,2013-01-14,D6,2011,,0.010000,,27866597
NEW,2013-01-14,D6,2012,,0.070000,,320948206
NEW,2013-01-14,D6,2013,,0.060000,,7849597
NEW,2013-01-21,D6,2011,,0.140000,,5198333
NEW,2013-01-21,D6,2012,,0.080000,,316333599
NEW,2013-01-21,D6,2013,,0.120000,,19264425
NEW,2013-01-28,D6,2011,,0.020000,,47797493
NEW,2013-01-28,D6,2012,,0.130000,,375503848
NEW,2013-01-28,D6,2013,,0.110000,,70860959
NEW,2013-02-04,D6,2011,,0.020000,,46350305
NEW,2013-02-04,D6,2012,,0.120000,,289104987
NEW,2013-02-04,D6,2013,,0.130000,,91268783
NEW,2013-02-11,D6,2011,,0.010000,,32680191
NEW,2013-02-11,D6,2012,,0.120000,,207144795
NEW,2013-02-11,D6,2013,,0.220000,,95768335
NEW,2013-02-18,D6,2011,,0.020000,,149643551
NEW,2013-02-18,D6,2012,,0.100000,,545980938
NEW,2013-02-18,D6,2013,,0.240000,,93344981
NEW,2013-02-25,D6,2012,,0.320000,,131936738
NEW,2013-02-25,D6,2013,,0.240000,,168352901
NEW,2013-03-04,D6,2012,,0.450000,,25244902
NEW,2013-03-04,D6,2013,,0.410000,,163891323
NEW,2013-03-11,D6,2012,,0.490000,,25870741
NEW,2013-03-11,D6,2013,,0.380000,,186846386
NEW,2013-03-18,D6,2012,,0.500000,,33082480
NEW,2013-03-18,D6,2013,,0.450000,,177043403
NEW,2013-03-25,D6,2012,,0.470000,,22776704
NEW,2013-03-25,D6,2013,,0.390000,,202743375
NEW,2013-04-01,D6,2012,,0.450000,,10573371
NEW,2013-04-01,D6,2013,,0.540000,,249622135
NEW,2013-04-08,D6,2012,,0.630000,,9203805
NEW,2013-04-08,D6,2013,,0.500000,,182221251
NEW,2013-04-15,D6,2012,,0.670000,,25344689
NEW,2013-04-15,D6,2013,,0.400000,,194293571
NEW,2013-04-22,D6,2012,,0.590000,,50186344
NEW,2013-04-22,D6,2013,,0.630000,,260238729
NEW,2013-04-29,D6,2012,,0.460000,,63004752
NEW,2013-04-29,D6,2013,,0.450000,,260870177
NEW,2013-05-06,D6,2012,,0.630000,,33023338
NEW,2013-05-06,D6,2013,,0.540000,,242853924
NEW,2013-05-13,D6,2012,,0.720000,,7037243
NEW,2013-05-13,D6,2013,,0.500000,,186304388
NEW,2013-05-20,D6,2012,,0.580000,,3091595
NEW,2013-05-20,D6,2013,,0.730000,,255723396
NEW,2013-05-27,D6,2012,,0.670000,,22013513
NEW,2013-05-27,D6,2013,,0.680000,,322065324
NEW,2013-06-03,D6,2012,,0.700000,,19923504
NEW,2013-06-03,D6,2013,,0.650000,,235939221
NEW,2013-06-10,D6,2012,,0.170000,,5507643
NEW,2013-06-10,D6,2013,,0.670000,,249865158
NEW,2013-06-17,D6,2012,,0.860000,,5790989
NEW,2013-06-17,D6,2013,,0.500000,,329664331
NEW,2013-06-24,D6,2012,,0.730000,,86791773
NEW,2013-06-24,D6,2013,,0.570000,,1093102900
NEW,2013-07-01,D6,2012,,0.720000,,13822386
NEW,2013-07-01,D6,2013,,0.700000,,276925156
NEW,2013-07-08,D6,2012,,0.850000,,5480771
NEW,2013-07-08,D6,2013,,0.610000,,252698096
NEW,2013-07-15,D6,2012,,0.950000,,6973504
NEW,2013-07-15,D6,2013,,0.910000,,255403957
NEW,2013-07-22,D6,2012,,0.710000,,28373885
NEW,2013-07-22,D6,2013,,0.840000,,339175809
NEW,2013-07-29,D6,2012,,1.010000,,32322449
NEW,2013-07-29,D6,2013,,0.830000,,317067929
NEW,2013-08-05,D6,2012,,1.020000,,2594375
NEW,2013-08-05,D6,2013,,1.050000,,243277050
NEW,2013-08-12,D6,2012,,1.060000,,6283588
NEW,2013-08-12,D6,2013,,0.880000,,224837659
NEW,2013-08-19,D6,2012,,1.080000,,11399692
NEW,2013-08-19,D6,2013,,0.910000,,227340319
NEW,2013-08-26,D6,2012,,0.870000,,18523803
NEW,2013-08-26,D6,2013,,0.900000,,395797138
NEW,2013-09-02,D6,2012,,0.700000,,5351575
NEW,2013-09-02,D6,2013,,0.720000,,260910814
NEW,2013-09-09,D6,2012,,0.810000,,28308000
NEW,2013-09-09,D6,2013,,0.790000,,328747668
NEW,2013-09-16,D6,2012,,0.830000,,4297500
NEW,2013-09-16,D6,2013,,0.750000,,464911530
NEW,2013-09-23,D6,2012,,0.650000,,60730636
NEW,2013-09-23,D6,2013,,0.740000,,647148476
NEW,2013-09-30,D6,2012,,0.860000,,9500267
NEW,2013-09-30,D6,2013,,0.700000,,544889790
NEW,2013-10-07,D6,2012,,0.280000,,9419443
NEW,2013-10-07,D6,2013,,0.670000,,281770623
NEW,2013-10-14,D6,2012,,0.830000,,3022184
NEW,2013-10-14,D6,2013,,0.570000,,333761915
NEW,2013-10-21,D6,2012,,0.690000,,1633520
NEW,2013-10-21,D6,2013,,0.610000,,322327423
NEW,2013-10-28,D6,2012,,0.700000,,8142737
NEW,2013-10-28,D6,2013,,0.580000,,397553968
NEW,2013-11-04,D6,2012,,0.110000,,3381000
NEW,2013-11-04,D6,2013,,0.390000,,332538631
NEW,2013-11-11,D6,2012,,1.120000,,1159732
NEW,2013-11-11,D6,2013,,0.580000,,258561448
NEW,2013-11-18,D6,2012,,0.090000,,1044100
NEW,2013-11-18,D6,2013,,0.460000,,252742485
NEW,2013-11-25,D6,2012,,0.950000,,6150000
NEW,2013-11-25,D6,2013,,0.620000,,608782799
NEW,2013-12-02,D6,2012,,0.340000,,8389660
NEW,2013-12-02,D6,2013,,0.560000,,333684975
NEW,2013-12-09,D6,2012,,0.280000,,22386000
NEW,2013-12-09,D6,2013,,0.450000,,402419330
NEW,2013-12-16,D6,2012,,0.580000,,33328000
NEW,2013-12-16,D6,2013,,0.550000,,684685807
NEW,2013-12-23,D6,2012,,0.340000,,1000000
NEW,2013-12-23,D6,2013,,0.470000,,340295311
NEW,2013-12-30,D6,2012,,0.506507,,7041467
NEW,2013-12-30,D6,2013,,0.537290,,562315294
NEW,2014-01-06,D6,2012,,0.510000,,500000
NEW,2014-01-06,D6,2013,,0.330000,,214827440
NEW,2014-01-06,D6,2014,,0.010000,,11046119
NEW,2014-01-13,D6,2012,,0.300000,,41921
NEW,2014-01-13,D6,2013,,0.310000,,241666423
NEW,2014-01-13,D6,2014,,0.250000,,29155350
NEW,2014-01-20,D6,2012,,0.300000,,3204215
NEW,2014-01-20,D6,2013,,0.300000,,166741931
NEW,2014-01-20,D6,2014,,0.380000,,46078763
NEW,2014-01-27,D6,2012,,0.310000,,3572019
NEW,2014-01-27,D6,2013,,0.330000,,231649014
NEW,2014-01-27,D6,2014,,0.400000,,87884165
NEW,2014-02-03,D6,2012,,0.420000,,1167961
NEW,2014-02-03,D6,2013,,0.410000,,80869086
NEW,2014-02-03,D6,2014,,0.360000,,128505128
NEW,2014-02-10,D6,2012,,0.500000,,1500000
NEW,2014-02-10,D6,2013,,0.400000,,84720118
NEW,2014-02-10,D6,2014,,0.400000,,203216844
NEW,2014-02-17,D6,2012,,0.520000,,1002245
NEW,2014-02-17,D6,2013,,0.460000,,39665471
NEW,2014-02-17,D6,2014,,0.440000,,149666179
NEW,2014-02-24,D6,2012,,0.450000,,4542956
NEW,2014-02-24,D6,2013,,0.380000,,90504675
NEW,2014-02-24,D6,2014,,0.480000,,208575813
NEW,2014-03-03,D6,2013,,0.450000,,39307673
NEW,2014-03-03,D6,2014,,0.560000,,251871437
NEW,2014-03-10,D6,2012,,0.290000,,1100000
NEW,2014-03-10,D6,2013,,0.460000,,59387991
NEW,2014-03-10,D6,2014,,0.510000,,240514056
NEW,2014-03-17,D6,2013,,0.440000,,69461759
NEW,2014-03-17,D6,2014,,0.440000,,275872653
NEW,2014-03-24,D6,2012,,0.290000,,28900000
NEW,2014-03-24,D6,2013,,0.400000,,158328279
NEW,2014-03-24,D6,2014,,0.480000,,266012648
NEW,2014-03-31,D6,2012,,0.500000,,2725000
NEW,2014-03-31,D6,2013,,0.350000,,62357053
NEW,2014-03-31,D6,2014,,0.480000,,338268624
NEW,2014-04-07,D6,2012,,0.470000,,7945805
NEW,2014-04-07,D6,2013,,0.500000,,160746888
NEW,2014-04-07,D6,2014,,0.470000,,229563918
NEW,2014-04-14,D6,2012,,0.480000,,1059056
NEW,2014-04-14,D6,2013,,0.510000,,27503246
NEW,2014-04-14,D6,2014,,0.440000,,203454935
NEW,2014-04-21,D6,2013,,0.470000,,38073324
NEW,2014-04-21,D6,2014,,0.400000,,186104204
NEW,2014-04-28,D6,2012,,0.420000,,22079754
NEW,2014-04-28,D6,2013,,0.460000,,78011427
NEW,2014-04-28,D6,2014,,0.460000,,293288847
NEW,2014-05-05,D6,2012,,0.400000,,3400000
NEW,2014-05-05,D6,2013,,0.350000,,31685198
NEW,2014-05-05,D6,2014,,0.410000,,287461036
NEW,2014-05-12,D6,2012,,0.440000,,2500000
NEW,2014-05-12,D6,2013,,0.500000,,47952403
NEW,2014-05-12,D6,2014,,0.450000,,269958789
NEW,2014-05-19,D6,2012,,0.440000,,1000000
NEW,2014-05-19,D6,2013,,0.430000,,92150632
NEW,2014-05-19,D6,2014,,0.540000,,195158716
NEW,2014-05-26,D6,2012,,0.150000,,36184706
NEW,2014-05-26,D6,2013,,0.190000,,211384964
NEW,2014-05-26,D6,2014,,0.460000,,315379771
NEW,2014-06-02,D6,2012,,0.470000,,10351278
NEW,2014-06-02,D6,2013,,0.400000,,37424964
NEW,2014-06-02,D6,2014,,0.440000,,320829269
NEW,2014-06-09,D6,2013,,0.540000,,64747094
NEW,2014-06-09,D6,2014,,0.440000,,328397076
NEW,2014-06-16,D6,2013,,0.570000,,56486801
NEW,2014-06-16,D6,2014,,0.510000,,393745831
NEW,2014-06-23,D6,2013,,0.430000,,12200759
NEW,2014-06-23,D6,2014,,0.470000,,455527191
NEW,2014-06-30,D6,2013,,0.500000,,5003003
NEW,2014-06-30,D6,2014,,0.450000,,490577676
NEW,2014-07-07,D6,2013,,0.450000,,16516719
NEW,2014-07-07,D6,2014,,0.460000,,260015815
NEW,2014-07-14,D6,2013,,0.470000,,3723805
NEW,2014-07-14,D6,2014,,0.500000,,315845898
NEW,2014-07-21,D6,2012,,0.540000,,4437713
NEW,2014-07-21,D6,2013,,0.520000,,6358681
NEW,2014-07-21,D6,2014,,0.470000,,259377702
NEW,2014-07-28,D6,2013,,0.510000,,4662489
NEW,2014-07-28,D6,2014,,0.500000,,300627066
NEW,2014-08-04,D6,2012,,0.380000,,3175611
NEW,2014-08-04,D6,2013,,0.520000,,58376290
NEW,2014-08-04,D6,2014,,0.500000,,370988187
NEW,2014-08-11,D6,2014,,0.500000,,232737402
NEW,2014-08-18,D6,2013,,0.200000,,1779366
NEW,2014-08-18,D6,2014,,0.440000,,362461643
NEW,2014-08-25,D6,2012,,0.500000,,145806
NEW,2014-08-25,D6,2013,,0.520000,,1312762
NEW,2014-08-25,D6,2014,,0.500000,,300473729
NEW,2014-09-01,D6,2013,,0.500000,,4275465
NEW,2014-09-01,D6,2014,,0.510000,,227005281
NEW,2014-09-08,D6,2013,,0.480000,,16011396
NEW,2014-09-08,D6,2014,,0.490000,,316627490
NEW,2014-09-15,D6,2013,,0.510000,,2448946
NEW,2014-09-15,D6,2014,,0.480000,,402316568
NEW,2014-09-22,D6,2013,,0.410000,,5726848
NEW,2014-09-22,D6,2014,,0.480000,,420242676
NEW,2014-09-29,D6,2012,,0.430000,,12064
NEW,2014-09-29,D6,2013,,0.470000,,3695638
NEW,2014-09-29,D6,2014,,0.520000,,581667493
NEW,2014-10-06,D6,2012,,0.450000,,400000
NEW,2014-10-06,D6,2013,,0.450000,,13002076
NEW,2014-10-06,D6,2014,,0.460000,,334909859
NEW,2014-10-13,D6,2013,,0.480000,,7000000
NEW,2014-10-13,D6,2014,,0.460000,,294278262
NEW,2014-10-20,D6,2012,,0.370000,,19775170
NEW,2014-10-20,D6,2013,,0.640000,,91123755
NEW,2014-10-20,D6,2014,,0.440000,,317643605
NEW,2014-10-27,D6,2013,,0.420000,,20614868
NEW,2014-10-27,D6,2014,,0.410000,,503380753
NEW,2014-11-03,D6,2012,,0.010000,,3820324
NEW,2014-11-03,D6,2013,,0.380000,,13889664
NEW,2014-11-03,D6,2014,,0.480000,,290837687
NEW,2014-11-10,D6,2013,,0.460000,,4022663
NEW,2014-11-10,D6,2014,,0.420000,,311976891
NEW,2014-11-17,D6,2013,,0.470000,,13090007
NEW,2014-11-17,D6,2014,,0.460000,,498605241
NEW,2014-11-24,D6,2013,,0.480000,,7442601
NEW,2014-11-24,D6,2014,,0.490000,,270129215
NEW,2014-12-01,D6,2013,,0.260000,,4518482
NEW,2014-12-01,D6,2014,,0.490000,,304426880
NEW,2014-12-08,D6,2012,,0.500000,,1282371
NEW,2014-12-08,D6,2013,,0.250000,,2866678
NEW,2014-12-08,D6,2014,,0.470000,,476433059
NEW,2014-12-15,D6,2013,,0.560000,,9689221
NEW,2014-12-15,D6,2014,,0.520000,,831394407
NEW,2014-12-22,D6,2013,,0.620000,,114990
NEW,2014-12-22,D6,2014,,0.510000,,395898187
NEW,2014-12-29,D6,2013,,0.470000,,1950000
NEW,2014-12-29,D6,2014,,0.523726,,735501559
NEW,2015-01-05,D6,2013,,0.830000,,1003674
NEW,2015-01-05,D6,2014,,0.640000,,291963720
NEW,2015-01-05,D6,2015,,0.090000,,7227399
NEW,2015-01-12,D6,2013,,0.780000,,551779
NEW,2015-01-12,D6,2014,,0.640000,,412100829
NEW,2015-01-12,D6,2015,,0.770000,,27361745
NEW,2015-01-19,D6,2013,,0.610000,,2120940
NEW,2015-01-19,D6,2014,,0.700000,,205363300
NEW,2015-01-19,D6,2015,,0.750000,,31167339
NEW,2015-01-26,D6,2013,,0.620000,,10846641
NEW,2015-01-26,D6,2014,,0.580000,,353538236
NEW,2015-01-26,D6,2015,,0.720000,,78341441
NEW,2015-02-02,D6,2013,,0.640000,,125600
NEW,2015-02-02,D6,2014,,0.530000,,93291143
NEW,2015-02-02,D6,2015,,0.680000,,125045836
NEW,2015-02-09,D6,2013,,0.710000,,3125729
NEW,2015-02-09,D6,2014,,0.410000,,125888630
NEW,2015-02-09,D6,2015,,0.690000,,167757085
NEW,2015-02-16,D6,2013,,0.610000,,65767
NEW,2015-02-16,D6,2014,,0.670000,,45362179
NEW,2015-02-16,D6,2015,,0.790000,,139946986
NEW,2015-02-23,D6,2013,,0.670000,,2147820
NEW,2015-02-23,D6,2014,,0.690000,,110475007
NEW,2015-02-23,D6,2015,,0.810000,,224134050
NEW,2015-03-02,D6,2013,,0.720000,,49000000
NEW,2015-03-02,D6,2014,,0.640000,,53245482
NEW,2015-03-02,D6,2015,,0.680000,,246209614
NEW,2015-03-09,D6,2013,,0.700000,,1051759
NEW,2015-03-09,D6,2014,,0.690000,,59059420
NEW,2015-03-09,D6,2015,,0.670000,,142088901
NEW,2015-03-16,D6,2012,,0.770000,,182087
NEW,2015-03-16,D6,2014,,0.600000,,135147977
NEW,2015-03-16,D6,2015,,0.650000,,407047314
NEW,2015-03-23,D6,2013,,0.670000,,9982198
NEW,2015-03-23,D6,2014,,0.680000,,141660506
NEW,2015-03-23,D6,2015,,0.680000,,273681340
NEW,2015-03-30,D6,2013,,0.700000,,1000000
NEW,2015-03-30,D6,2014,,0.690000,,267280078
NEW,2015-03-30,D6,2015,,0.670000,,327159486
NEW,2015-04-06,D6,2013,,0.680000,,800000
NEW,2015-04-06,D6,2014,,0.720000,,2467983
NEW,2015-04-06,D6,2015,,0.659972,,186864604
NEW,2015-04-13,D6,2013,,0.690000,,1317949
NEW,2015-04-13,D6,2014,,0.690000,,7424986
NEW,2015-04-13,D6,2015,,0.640019,,229437441
NEW,2015-04-20,D6,2014,,0.620000,,9097613
NEW,2015-04-20,D6,2015,,0.670000,,212248231
NEW,2015-04-27,D6,2013,,0.690000,,317949
NEW,2015-04-27,D6,2014,,0.700000,,73144256
NEW,2015-04-27,D6,2015,,0.700000,,358332156
NEW,2015-05-04,D6,2014,,0.750000,,39448297
NEW,2015-05-04,D6,2015,,0.690000,,219638294
NEW,2015-05-11,D6,2013,,0.720000,,3000000
NEW,2015-05-11,D6,2014,,0.740000,,11083223
NEW,2015-05-11,D6,2015,,0.700000,,275005771
NEW,2015-05-18,D6,2014,,0.680000,,56450828
NEW,2015-05-18,D6,2015,,0.700000,,243750476
NEW,2015-05-25,D6,2013,,0.690000,,9067
NEW,2015-05-25,D6,2014,,0.740000,,8884049
NEW,2015-05-25,D6,2015,,0.700000,,260538563
NEW,2015-06-01,D6,2014,,0.650000,,29238148
NEW,2015-06-01,D6,2015,,0.616785,,264378525
NEW,2015-06-08,D6,2013,,0.390000,,8173453
NEW,2015-06-08,D6,2014,,0.540000,,9315309
NEW,2015-06-08,D6,2015,,0.630000,,301355354
NEW,2015-06-15,D6,2013,,0.400000,,6142395
NEW,2015-06-15,D6,2014,,0.550000,,16523752
NEW,2015-06-15,D6,2015,,0.590443,,451309775
NEW,2015-06-22,D6,2013,,0.400000,,1633453
NEW,2015-06-22,D6,2014,,0.650000,,76283363
NEW,2015-06-22,D6,2015,,0.600696,,404277554
NEW,2015-06-29,D6,2013,,0.690000,,50079576
NEW,2015-06-29,D6,2014,,0.560000,,163682153
NEW,2015-06-29,D6,2015,,0.591064,,563756360
NEW,2015-07-06,D6,2012,,0.460000,,3315312
NEW,2015-07-06,D6,2013,,0.450000,,1300000
NEW,2015-07-06,D6,2014,,0.450000,,9252472
NEW,2015-07-06,D6,2015,,0.520938,,301299387
NEW,2015-07-13,D6,2014,,0.470000,,8876385
NEW,2015-07-13,D6,2015,,0.504223,,278998012
NEW,2015-07-20,D6,2014,,0.500000,,72821695
NEW,2015-07-20,D6,2015,,0.530000,,276389424
NEW,2015-07-27,D6,2013,,0.410000,,9488035
NEW,2015-07-27,D6,2014,,0.400000,,127742477
NEW,2015-07-27,D6,2015,,0.441648,,360500954
NEW,2015-08-03,D6,2014,,0.440000,,9387721
NEW,2015-08-03,D6,2015,,0.449980,,297577585
NEW,2015-08-10,D6,2014,,0.430000,,19464742
NEW,2015-08-10,D6,2015,,0.437253,,231766622
NEW,2015-08-17,D6,2013,,0.410000,,20834190
NEW,2015-08-17,D6,2014,,0.410000,,13648798
NEW,2015-08-17,D6,2015,,0.470371,,252710101
NEW,2015-08-24,D6,2013,,0.380000,,725000
NEW,2015-08-24,D6,2014,,0.400000,,4394865
NEW,2015-08-24,D6,2015,,0.454084,,319856704
NEW,2015-08-31,D6,2013,,0.470000,,2000000
NEW,2015-08-31,D6,2014,,0.400000,,1555046
NEW,2015-08-31,D6,2015,,0.430000,,382359871
NEW,2015-09-07,D6,2014,,0.400000,,540611
NEW,2015-09-07,D6,2015,,0.510000,,278201609
NEW,2015-09-14,D6,2013,,0.400000,,1000000
NEW,2015-09-14,D6,2014,,0.530000,,28385962
NEW,2015-09-14,D6,2015,,0.442044,,335047274
NEW,2015-09-21,D6,2014,,0.500000,,28427710
NEW,2015-09-21,D6,2015,,0.461275,,379022988
NEW,2015-09-28,D6,2013,,0.360000,,3697038
NEW,2015-09-28,D6,2014,,0.370000,,142265376
NEW,2015-09-28,D6,2015,,0.489486,,554823385
NEW,2015-10-05,D6,2014,,0.350000,,45914116
NEW,2015-10-05,D6,2015,,0.434576,,370703414
NEW,2015-10-12,D6,2014,,0.350000,,196332
NEW,2015-10-12,D6,2015,,0.391190,,248078469
NEW,2015-10-19,D6,2014,,0.550000,,2371186
NEW,2015-10-19,D6,2015,,0.380871,,313060014
NEW,2015-10-26,D6,2012,,0.370000,,912182
NEW,2015-10-26,D6,2014,,0.360000,,16079479
NEW,2015-10-26,D6,2015,,0.391533,,286522335
NEW,2015-11-02,D6,2013,,0.400000,,16245
NEW,2015-11-02,D6,2014,,0.460000,,11000600
NEW,2015-11-02,D6,2015,,0.400000,,278353740
NEW,2015-11-09,D6,2014,,0.420000,,4560638
NEW,2015-11-09,D6,2015,,0.460000,,292007892
NEW,2015-11-16,D6,2013,,0.440000,,5199391
NEW,2015-11-16,D6,2014,,0.580000,,41100052
NEW,2015-11-16,D6,2015,,0.454384,,302111699
NEW,2015-11-23,D6,2013,,0.700000,,4553911
NEW,2015-11-23,D6,2014,,0.470000,,2559227
NEW,2015-11-23,D6,2015,,0.527400,,384651826
NEW,2015-11-30,D6,2013,,0.380000,,8500000
NEW,2015-11-30,D6,2014,,0.680000,,178820774
NEW,2015-11-30,D6,2015,,0.483274,,405112770
NEW,2015-12-07,D6,2013,,0.730000,,58600
NEW,2015-12-07,D6,2014,,0.740000,,1711519
NEW,2015-12-07,D6,2015,,0.500000,,400635763
NEW,2015-12-14,D6,2013,,0.720000,,1559000
NEW,2015-12-14,D6,2014,,0.630000,,18987586
NEW,2015-12-14,D6,2015,,0.509788,,638311911
NEW,2015-12-21,D6,2013,,0.710000,,1500000
NEW,2015-12-21,D6,2014,,0.540000,,3605266
NEW,2015-12-21,D6,2015,,0.520000,,381182035
NEW,2015-12-28,D6,2013,,0.420000,,3999999
NEW,2015-12-28,D6,2014,,0.620000,,26048630
NEW,2015-12-28,D6,2015,,0.567872,,803194905
NEW,2016-01-04,D6,2013,,0.710000,,500000
NEW,2016-01-04,D6,2014,,0.710000,,14642923
NEW,2016-01-04,D6,2015,,0.660000,,223783893
NEW,2016-01-04,D6,2016,,0.700000,,13368608
NEW,2016-01-11,D6,2013,,0.530000,,2500000
NEW,2016-01-11,D6,2014,,0.690000,,2422294
NEW,2016-01-11,D6,2015,,0.670000,,178458965
NEW,2016-01-11,D6,2016,,0.710000,,50456102
NEW,2016-01-18,D6,2014,,0.440000,,12582698
NEW,2016-01-18,D6,2015,,0.580000,,178957609
NEW,2016-01-18,D6,2016,,0.700000,,81995878
NEW,2016-01-25,D6,2013,,0.010000,,4323
NEW,2016-01-25,D6,2014,,0.470000,,70734475
NEW,2016-01-25,D6,2015,,0.643340,,209205547
NEW,2016-01-25,D6,2016,,0.670000,,109034211
NEW,2016-02-01,D6,2013,,0.690000,,2886484
NEW,2016-02-01,D6,2014,,0.690000,,3867446
NEW,2016-02-01,D6,2015,,0.662238,,134101444
NEW,2016-02-01,D6,2016,,0.650000,,118169796
NEW,2016-02-08,D6,2012,,0.500000,,930
NEW,2016-02-08,D6,2013,,0.710000,,7248178
NEW,2016-02-08,D6,2014,,0.710000,,82841766
NEW,2016-02-08,D6,2015,,0.690000,,72795436
NEW,2016-02-08,D6,2016,,0.670000,,157003089
NEW,2016-02-15,D6,2014,,0.710000,,1810796
NEW,2016-02-15,D6,2015,,0.690000,,154760770
NEW,2016-02-15,D6,2016,,0.680000,,151002490
NEW,2016-02-22,D6,2013,,0.760000,,1052878
NEW,2016-02-22,D6,2014,,0.420000,,6333353
NEW,2016-02-22,D6,2015,,0.630000,,149695021
NEW,2016-02-22,D6,2016,,0.740000,,163756552
NEW,2016-02-29,D6,2013,,0.670000,,1020460
NEW,2016-02-29,D6,2014,,0.690000,,11598750
NEW,2016-02-29,D6,2015,,0.690000,,98189768
NEW,2016-02-29,D6,2016,,0.650000,,239121228
NEW,2016-03-07,D6,2014,,0.720000,,3444924
NEW,2016-03-07,D6,2015,,0.450100,,58631486
NEW,2016-03-07,D6,2016,,0.708902,,222723063
NEW,2016-03-14,D6,2013,,0.640000,,52609
NEW,2016-03-14,D6,2014,,0.660000,,8335095
NEW,2016-03-14,D6,2015,,0.660006,,88984245
NEW,2016-03-14,D6,2016,,0.640000,,333009219
NEW,2016-03-21,D6,2014,,0.730000,,2104378
NEW,2016-03-21,D6,2015,,0.711310,,82046376
NEW,2016-03-21,D6,2016,,0.749470,,192602443
NEW,2016-03-28,D6,2014,,0.700000,,16054853
NEW,2016-03-28,D6,2015,,0.555158,,189392269
NEW,2016-03-28,D6,2016,,0.670000,,425242329
NEW,2016-04-04,D6,2013,,0.720000,,506335
NEW,2016-04-04,D6,2014,,0.460000,,57627294
NEW,2016-04-04,D6,2015,,0.650768,,45575158
NEW,2016-04-04,D6,2016,,0.670000,,239274048
NEW,2016-04-11,D6,2014,,0.690000,,6731
NEW,2016-04-11,D6,2015,,0.480000,,59117745
NEW,2016-04-11,D6,2016,,0.611827,,350465381
NEW,2016-04-18,D6,2014,,0.680000,,2800515
NEW,2016-04-18,D6,2015,,0.710000,,20465820
NEW,2016-04-18,D6,2016,,0.710000,,235133236
NEW,2016-04-25,D6,2013,,0.720000,,1056915
NEW,2016-04-25,D6,2014,,0.730000,,35664437
NEW,2016-04-25,D6,2015,,0.730000,,45858908
NEW,2016-04-25,D6,2016,,0.720000,,310763804
NEW,2016-05-02,D6,2014,,0.750000,,2044822
NEW,2016-05-02,D6,2015,,0.730000,,35736728
NEW,2016-05-02,D6,2016,,0.720000,,238036745
NEW,2016-05-09,D6,2013,,0.730000,,53911
NEW,2016-05-09,D6,2014,,0.730000,,20302100
NEW,2016-05-09,D6,2015,,0.730453,,44117275
NEW,2016-05-09,D6,2016,,0.719881,,256498376
NEW,2016-05-16,D6,2013,,0.720000,,8198457
NEW,2016-05-16,D6,2014,,0.750000,,13735579
NEW,2016-05-16,D6,2015,,0.570000,,63413112
NEW,2016-05-16,D6,2016,,0.640000,,272255254
NEW,2016-05-23,D6,2014,,0.660000,,7501276
NEW,2016-05-23,D6,2015,,0.710000,,9974953
NEW,2016-05-23,D6,2016,,0.750000,,231374986
NEW,2016-05-30,D6,2014,,0.750000,,24822284
NEW,2016-05-30,D6,2015,,0.730000,,34682186
NEW,2016-05-30,D6,2016,,0.748444,,328098314
NEW,2016-06-06,D6,2014,,0.750000,,74766376
NEW,2016-06-06,D6,2015,,0.720069,,25900131
NEW,2016-06-06,D6,2016,,0.730000,,257435086
NEW,2016-06-13,D6,2014,,0.780000,,54668722
NEW,2016-06-13,D6,2015,,0.750000,,26746989
NEW,2016-06-13,D6,2016,,0.748931,,366436120
NEW,2016-06-20,D6,2014,,0.270000,,10878079
NEW,2016-06-20,D6,2015,,0.770000,,42723482
NEW,2016-06-20,D6,2016,,0.729622,,399418580
NEW,2016-06-27,D6,2013,,0.810000,,376
NEW,2016-06-27,D6,2014,,0.540000,,38178607
NEW,2016-06-27,D6,2015,,0.611053,,113969901
NEW,2016-06-27,D6,2016,,0.720000,,627137861
NEW,2016-07-04,D6,2014,,0.730000,,57384254
NEW,2016-07-04,D6,2015,,0.770000,,3851581
NEW,2016-07-04,D6,2016,,0.760052,,167370153
NEW,2016-07-11,D6,2013,,0.860000,,2539443
NEW,2016-07-11,D6,2014,,0.780000,,40000000
NEW,2016-07-11,D6,2015,,0.840000,,101416736
NEW,2016-07-11,D6,2016,,0.816266,,292977659
NEW,2016-07-18,D6,2013,,0.940000,,20032977
NEW,2016-07-18,D6,2014,,0.960000,,90337512
NEW,2016-07-18,D6,2015,,0.850000,,26792028
NEW,2016-07-18,D6,2016,,0.837011,,278151956
NEW,2016-07-25,D6,2013,,0.730000,,18321974
NEW,2016-07-25,D6,2014,,0.960000,,529519505
NEW,2016-07-25,D6,2015,,0.850000,,37283133
NEW,2016-07-25,D6,2016,,0.839746,,369095089
NEW,2016-08-01,D6,2014,,0.840000,,22270747
NEW,2016-08-01,D6,2015,,0.800000,,32794932
NEW,2016-08-01,D6,2016,,0.840000,,219969520
NEW,2016-08-08,D6,2015,,0.910000,,7896466
NEW,2016-08-08,D6,2016,,0.869431,,230188837
NEW,2016-08-15,D6,2015,,0.840000,,21111620
NEW,2016-08-15,D6,2016,,0.854231,,294782994
NEW,2016-08-22,D6,2014,,0.810000,,7546210
NEW,2016-08-22,D6,2015,,0.830000,,8118172
NEW,2016-08-22,D6,2016,,0.859599,,258544770
NEW,2016-08-29,D6,2015,,0.920000,,4225132
NEW,2016-08-29,D6,2016,,0.818513,,369460249
NEW,2016-09-05,D6,2015,,0.790000,,1590289
NEW,2016-09-05,D6,2016,,0.828885,,210090704
NEW,2016-09-12,D6,2014,,0.970000,,3786
NEW,2016-09-12,D6,2015,,0.840000,,19158488
NEW,2016-09-12,D6,2016,,0.836734,,400943830
NEW,2016-09-19,D6,2015,,0.860000,,13136223
NEW,2016-09-19,D6,2016,,0.826214,,450130696
NEW,2016-09-26,D6,2014,,0.770000,,944716
NEW,2016-09-26,D6,2015,,0.810000,,6849982
NEW,2016-09-26,D6,2016,,0.792556,,624734697
NEW,2016-10-03,D6,2015,,0.770000,,96259152
NEW,2016-10-03,D6,2016,,0.871199,,243266544
NEW,2016-10-10,D6,2015,,0.900007,,73561863
NEW,2016-10-10,D6,2016,,0.854282,,275468985
NEW,2016-10-17,D6,2014,,0.880000,,26260
NEW,2016-10-17,D6,2015,,0.770203,,37882628
NEW,2016-10-17,D6,2016,,0.880617,,356243400
NEW,2016-10-24,D6,2014,,0.020000,,1569969
NEW,2016-10-24,D6,2015,,0.730045,,142646612
NEW,2016-10-24,D6,2016,,0.840016,,310429760
NEW,2016-10-31,D6,2014,,0.930000,,51706
NEW,2016-10-31,D6,2015,,0.790000,,44082100
NEW,2016-10-31,D6,2016,,0.826367,,369504822
NEW,2016-11-07,D6,2015,,0.776626,,78925351
NEW,2016-11-07,D6,2016,,0.852027,,344651544
NEW,2016-11-14,D6,2014,,0.820000,,35052373
NEW,2016-11-14,D6,2015,,0.870000,,487082174
NEW,2016-11-14,D6,2016,,0.810736,,554285861
NEW,2016-11-21,D6,2014,,0.830000,,11614393
NEW,2016-11-21,D6,2015,,0.850000,,116598787
NEW,2016-11-21,D6,2016,,0.850064,,335340322
NEW,2016-11-28,D6,2014,,0.840000,,6943504
NEW,2016-11-28,D6,2015,,0.910033,,141431607
NEW,2016-11-28,D6,2016,,0.846750,,571363443
NEW,2016-12-05,D6,2015,,0.959992,,2727081
NEW,2016-12-05,D6,2016,,0.851858,,434902136
NEW,2016-12-12,D6,2015,,0.960000,,5550000
NEW,2016-12-12,D6,2016,,0.896613,,617779271
NEW,2016-12-19,D6,2015,,0.950000,,16111741
NEW,2016-12-19,D6,2016,,0.897286,,487520588
NEW,2016-12-26,D6,2015,,0.900000,,14326441
NEW,2016-12-26,D6,2016,,0.869517,,682484018
NEW,2017-01-02,D6,2015,,0.830000,,19659
NEW,2017-01-02,D6,2016,,0.870189,,211528396
NEW,2017-01-02,D6,2017,,0.660000,,12671690
NEW,2017-01-09,D6,2015,,0.750000,,2338112
NEW,2017-01-09,D6,2016,,0.881087,,294847246
NEW,2017-01-09,D6,2017,,0.670000,,30104384
NEW,2017-01-16,D6,2015,,0.680000,,2108011
NEW,2017-01-16,D6,2016,,0.771655,,219079719
NEW,2017-01-16,D6,2017,,0.890000,,56021539
NEW,2017-01-23,D6,2015,,0.760000,,16507604
NEW,2017-01-23,D6,2016,,0.819635,,192020685
NEW,2017-01-23,D6,2017,,0.870000,,95018781
NEW,2017-01-30,D6,2015,,0.691664,,4057073
NEW,2017-01-30,D6,2016,,0.740444,,213826836
NEW,2017-01-30,D6,2017,,0.680000,,127055833
NEW,2017-02-06,D6,2015,,0.713363,,5467960
NEW,2017-02-06,D6,2016,,0.710000,,69183382
NEW,2017-02-06,D6,2017,,0.650000,,155340228
NEW,2017-02-13,D6,2015,,0.560000,,3769820
NEW,2017-02-13,D6,2016,,0.649518,,40839202
NEW,2017-02-13,D6,2017,,0.630000,,137786991
NEW,2017-02-20,D6,2016,,0.606379,,81281219
NEW,2017-02-20,D6,2017,,0.599422,,190196888
NEW,2017-02-27,D6,2015,,0.480000,,4919485
NEW,2017-02-27,D6,2016,,0.649729,,128856917
NEW,2017-02-27,D6,2017,,0.580000,,236018093
NEW,2017-03-06,D6,2015,,0.458260,,3551420
NEW,2017-03-06,D6,2016,,0.481186,,127715710
NEW,2017-03-06,D6,2017,,0.580000,,204445266
NEW,2017-03-13,D6,2015,,0.340906,,682297
NEW,2017-03-13,D6,2016,,0.510020,,134916059
NEW,2017-03-13,D6,2017,,0.600000,,327745018
NEW,2017-03-20,D6,2015,,0.521874,,20616350
NEW,2017-03-20,D6,2016,,0.631225,,90669165
NEW,2017-03-20,D6,2017,,0.536428,,383748447
NEW,2017-03-27,D6,2015,,0.549930,,19928265
NEW,2017-03-27,D6,2016,,0.630200,,684810338
NEW,2017-03-27,D6,2017,,0.560000,,368979162
NEW,2017-04-03,D6,2016,,0.582207,,25577155
NEW,2017-04-03,D6,2017,,0.559706,,214835045
NEW,2017-04-10,D6,2016,,0.500000,,3936633
NEW,2017-04-10,D6,2017,,0.630000,,246478505
NEW,2017-04-17,D6,2016,,0.470000,,40049684
NEW,2017-04-17,D6,2017,,0.530000,,258278980
NEW,2017-04-24,D6,2016,,0.469930,,48710189
NEW,2017-04-24,D6,2017,,0.499347,,339421806
NEW,2017-05-01,D6,2016,,0.780000,,13432516
NEW,2017-05-01,D6,2017,,0.570000,,185741765
NEW,2017-05-08,D6,2016,,0.540000,,15428363
NEW,2017-05-08,D6,2017,,0.569874,,266762451
NEW,2017-05-15,D6,2016,,0.430000,,30654547
NEW,2017-05-15,D6,2017,,0.526843,,257193867
NEW,2017-05-22,D6,2016,,0.330000,,26496953
NEW,2017-05-22,D6,2017,,0.560017,,253262074
NEW,2017-05-29,D6,2016,,0.590000,,17521576
NEW,2017-05-29,D6,2017,,0.590000,,326269890
NEW,2017-06-05,D6,2016,,0.503073,,19282159
NEW,2017-06-05,D6,2017,,0.620000,,424666474
NEW,2017-06-12,D6,2016,,0.500000,,53024607
NEW,2017-06-12,D6,2017,,0.628832,,405012925
NEW,2017-06-19,D6,2016,,0.570000,,8832551
NEW,2017-06-19,D6,2017,,0.629821,,537709141
NEW,2017-06-26,D6,2016,,0.640000,,10380758
NEW,2017-06-26,D6,2017,,0.660058,,575828856
NEW,2017-07-03,D6,2016,,0.730000,,3907887
NEW,2017-07-03,D6,2017,,0.690000,,267928722
NEW,2017-07-10,D6,2016,,0.560184,,18414213
NEW,2017-07-10,D6,2017,,0.680032,,327681894
NEW,2017-07-17,D6,2016,,0.660000,,21532232
NEW,2017-07-17,D6,2017,,0.620712,,440949296
NEW,2017-07-24,D6,2016,,0.720000,,39601674
NEW,2017-07-24,D6,2017,,0.698689,,289881622
NEW,2017-07-31,D6,2016,,0.570000,,10321895
NEW,2017-07-31,D6,2017,,0.750402,,273905180
NEW,2017-08-07,D6,2016,,0.780000,,2516818
NEW,2017-08-07,D6,2017,,0.700117,,325257927
NEW,2017-08-14,D6,2016,,0.540000,,10473406
NEW,2017-08-14,D6,2017,,0.780140,,437073670
NEW,2017-08-21,D6,2016,,0.880000,,4950000
NEW,2017-08-21,D6,2017,,0.779934,,469908731
NEW,2017-08-28,D6,2016,,0.900000,,183112
NEW,2017-08-28,D6,2017,,0.781145,,350586972
NEW,2017-09-04,D6,2016,,0.900000,,3223348
NEW,2017-09-04,D6,2017,,0.770000,,332943646
NEW,2017-09-11,D6,2016,,0.880000,,4134634
NEW,2017-09-11,D6,2017,,0.790000,,440316499
NEW,2017-09-18,D6,2016,,0.770000,,5722038
NEW,2017-09-18,D6,2017,,0.780000,,469084950
NEW,2017-09-25,D6,2016,,0.800000,,2342771
NEW,2017-09-25,D6,2017,,0.770014,,448677885
NEW,2017-10-02,D6,2016,,0.800000,,2523281
NEW,2017-10-02,D6,2017,,0.770000,,314054183
NEW,2017-10-09,D6,2016,,0.630000,,201601
NEW,2017-10-09,D6,2017,,0.830000,,388557057
NEW,2017-10-16,D6,2016,,0.740000,,1269053
NEW,2017-10-16,D6,2017,,0.770182,,577161365
NEW,2017-10-23,D6,2016,,0.850000,,7009140
NEW,2017-10-23,D6,2017,,0.790000,,425992586
NEW,2017-10-30,D6,2016,,0.640000,,8766367
NEW,2017-10-30,D6,2017,,0.830000,,309718183
NEW,2017-11-06,D6,2016,,0.950000,,2750063
NEW,2017-11-06,D6,2017,,0.870000,,305970054
NEW,2017-11-13,D6,2016,,0.940000,,18932734
NEW,2017-11-13,D6,2017,,0.870012,,553130534
NEW,2017-11-20,D6,2016,,0.930000,,900000
NEW,2017-11-20,D6,2017,,0.862198,,250687478
NEW,2017-11-27,D6,2016,,0.950000,,50351918
NEW,2017-11-27,D6,2017,,0.810000,,507325049
NEW,2017-12-04,D6,2016,,0.878724,,28921308
NEW,2017-12-04,D6,2017,,0.811171,,563380199
NEW,2017-12-11,D6,2016,,0.880000,,46878902
NEW,2017-12-11,D6,2017,,0.820626,,907002138
NEW,2017-12-18,D6,2016,,0.840025,,46167301
NEW,2017-12-18,D6,2017,,0.749962,,585590535
NEW,2017-12-25,D6,2016,,0.764487,,18030338
NEW,2017-12-25,D6,2017,,0.790515,,653354644
NEW,2018-01-01,D6,2016,,0.700000,,1883176
NEW,2018-01-01,D6,2017,,0.750000,,240916832
NEW,2018-01-01,D6,2018,,0.010000,,16569478
NEW,2018-01-08,D6,2016,,0.620739,,23343155
NEW,2018-01-08,D6,2017,,0.750000,,232788146
NEW,2018-01-08,D6,2018,,1.520000,,55007933
NEW,2018-01-15,D6,2016,,0.662314,,6034479
NEW,2018-01-15,D6,2017,,0.740116,,395148802
NEW,2018-01-15,D6,2018,,0.700000,,67380816
NEW,2018-01-22,D6,2016,,0.649997,,30438342
NEW,2018-01-22,D6,2017,,0.730066,,276668945
NEW,2018-01-22,D6,2018,,0.710000,,68404384
NEW,2018-01-29,D6,2016,,0.689980,,17963469
NEW,2018-01-29,D6,2017,,0.750617,,373623268
NEW,2018-01-29,D6,2018,,0.680000,,91976437
NEW,2018-02-05,D6,2016,,0.620000,,28042461
NEW,2018-02-05,D6,2017,,0.675391,,154505004
NEW,2018-02-05,D6,2018,,0.700000,,135501142
NEW,2018-02-12,D6,2016,,0.620000,,38288196
NEW,2018-02-12,D6,2017,,0.710000,,133881939
NEW,2018-02-12,D6,2018,,0.690000,,199166057
NEW,2018-02-19,D6,2016,,0.649991,,25030450
NEW,2018-02-19,D6,2017,,0.689962,,140779886
NEW,2018-02-19,D6,2018,,0.680000,,186565967
NEW,2018-02-26,D6,2016,,0.620000,,8673438
NEW,2018-02-26,D6,2017,,0.709121,,125147481
NEW,2018-02-26,D6,2018,,0.670000,,220384438
NEW,2018-03-05,D6,2016,,0.610000,,1271192
NEW,2018-03-05,D6,2017,,0.660014,,114174661
NEW,2018-03-05,D6,2018,,0.730000,,232460852
NEW,2018-03-12,D6,2016,,0.390000,,17812925
NEW,2018-03-12,D6,2017,,0.608785,,116714049
NEW,2018-03-12,D6,2018,,0.640000,,314415614
NEW,2018-03-19,D6,2016,,0.360000,,107907762
NEW,2018-03-19,D6,2017,,0.560589,,113180272
NEW,2018-03-19,D6,2018,,0.670000,,307299148
NEW,2018-03-26,D6,2016,,0.300000,,178377162
NEW,2018-03-26,D6,2017,,0.590253,,706807225
NEW,2018-03-26,D6,2018,,0.610000,,410959638
NEW,2018-04-02,D6,2017,,0.441632,,18711616
NEW,2018-04-02,D6,2018,,0.590000,,223067914
NEW,2018-04-09,D6,2017,,0.379397,,62487787
NEW,2018-04-09,D6,2018,,0.549752,,221463699
NEW,2018-04-16,D6,2017,,0.342115,,47873793
NEW,2018-04-16,D6,2018,,0.559976,,289611866
NEW,2018-04-23,D6,2017,,0.340000,,99097785
NEW,2018-04-23,D6,2018,,0.510000,,315942138
NEW,2018-04-30,D6,2017,,0.310000,,44836862
NEW,2018-04-30,D6,2018,,0.459987,,288073556
NEW,2018-05-07,D6,2017,,0.300000,,95988462
NEW,2018-05-07,D6,2018,,0.499967,,210427534
NEW,2018-05-14,D6,2017,,0.370000,,23803206
NEW,2018-05-14,D6,2018,,0.459983,,332933686
NEW,2018-05-21,D6,2017,,0.350000,,104875454
NEW,2018-05-21,D6,2018,,0.430000,,283904409
NEW,2018-05-28,D6,2017,,0.289673,,114984295
NEW,2018-05-28,D6,2018,,0.379934,,318225531
NEW,2018-06-04,D6,2017,,0.260000,,79730458
NEW,2018-06-04,D6,2018,,0.490000,,312921246
NEW,2018-06-11,D6,2017,,0.270000,,94836819
NEW,2018-06-11,D6,2018,,0.410000,,488311217
NEW,2018-06-18,D6,2017,,0.409768,,44506952
NEW,2018-06-18,D6,2018,,0.440000,,432498333
NEW,2018-06-25,D6,2017,,0.300202,,90351519
NEW,2018-06-25,D6,2018,,0.470000,,555497539
NEW,2018-07-02,D6,2017,,0.239988,,36528800
NEW,2018-07-02,D6,2018,,0.440000,,218358621
NEW,2018-07-09,D6,2017,,0.260000,,47377451
NEW,2018-07-09,D6,2018,,0.330000,,354733121
NEW,2018-07-16,D6,2017,,0.230000,,59872519
NEW,2018-07-16,D6,2018,,0.320000,,342499303
NEW,2018-07-23,D6,2017,,0.210000,,92039054
NEW,2018-07-23,D6,2018,,0.299987,,354744796
NEW,2018-07-30,D6,2017,,0.220471,,28797558
NEW,2018-07-30,D6,2018,,0.280000,,283661342
NEW,2018-08-06,D6,2017,,0.170000,,13508439
NEW,2018-08-06,D6,2018,,0.290000,,235968580
NEW,2018-08-13,D6,2017,,0.240000,,39053285
NEW,2018-08-13,D6,2018,,0.280000,,325516482
NEW,2018-08-20,D6,2017,,0.189993,,35386867
NEW,2018-08-20,D6,2018,,0.270000,,235865208
NEW,2018-08-27,D6,2017,,0.200000,,14500000
NEW,2018-08-27,D6,2018,,0.230017,,291669545
NEW,2018-09-03,D6,2017,,0.189946,,68673223
NEW,2018-09-03,D6,2018,,0.280000,,279506420
NEW,2018-09-10,D6,2017,,0.150000,,74088001
NEW,2018-09-10,D6,2018,,0.280000,,464600828
NEW,2018-09-17,D6,2017,,0.180000,,113006452
NEW,2018-09-17,D6,2018,,0.280000,,427000470
NEW,2018-09-24,D6,2017,,0.200000,,47966374
NEW,2018-09-24,D6,2018,,0.250000,,483388019
NEW,2018-10-01,D6,2017,,0.150000,,44643116
NEW,2018-10-01,D6,2018,,0.310000,,329791987
NEW,2018-10-08,D6,2017,,0.200000,,46771047
NEW,2018-10-08,D6,2018,,0.270000,,242445365
NEW,2018-10-15,D6,2017,,0.160000,,109818270
NEW,2018-10-15,D6,2018,,0.220000,,362155886
NEW,2018-10-22,D6,2017,,0.150064,,26200574
NEW,2018-10-22,D6,2018,,0.200000,,455485362
NEW,2018-10-29,D6,2017,,0.130000,,2061618
NEW,2018-10-29,D6,2018,,0.240000,,260099679
NEW,2018-11-05,D6,2017,,0.070000,,21736250
NEW,2018-11-05,D6,2018,,0.160000,,279806869
NEW,2018-11-12,D6,2017,,0.150000,,18025010
NEW,2018-11-12,D6,2018,,0.260000,,574876805
NEW,2018-11-19,D6,2017,,0.080000,,1608521
NEW,2018-11-19,D6,2018,,0.190021,,286108393
NEW,2018-11-26,D6,2017,,0.080000,,5387752
NEW,2018-11-26,D6,2018,,0.150000,,441300955
NEW,2018-12-03,D6,2017,,0.110000,,14043220
NEW,2018-12-03,D6,2018,,0.160000,,419832945
NEW,2018-12-10,D6,2017,,0.100000,,43375099
NEW,2018-12-10,D6,2018,,0.170001,,661551260
NEW,2018-12-17,D6,2017,,0.190000,,42150179
NEW,2018-12-17,D6,2018,,0.250000,,661158325
NEW,2018-12-24,D6,2017,,0.180000,,39882932
NEW,2018-12-24,D6,2018,,0.239873,,445184574
NEW,2018-12-31,D6,2017,,0.065057,,104981549
NEW,2018-12-31,D6,2018,,0.178947,,893257863
NEW,2018-12-31,D6,2019,,0.010000,,548886
NEW,2019-01-07,D6,2017,,0.120000,,2832524
NEW,2019-01-07,D6,2018,,0.180000,,534309237
NEW,2019-01-07,D6,2019,,0.010000,,2388475
NEW,2019-01-14,D6,2017,,0.170000,,5233229
NEW,2019-01-14,D6,2018,,0.170031,,456560611
NEW,2019-01-14,D6,2019,,0.210000,,40734619
NEW,2019-01-21,D6,2017,,0.142535,,18018282
NEW,2019-01-21,D6,2018,,0.190000,,323095063
NEW,2019-01-21,D6,2019,,0.180000,,50275973
NEW,2019-01-28,D6,2017,,0.110000,,2685525
NEW,2019-01-28,D6,2018,,0.189285,,267571464
NEW,2019-01-28,D6,2019,,0.210000,,83104397
NEW,2019-02-04,D6,2017,,0.130000,,10500000
NEW,2019-02-04,D6,2018,,0.180000,,131281458
NEW,2019-02-04,D6,2019,,0.210000,,139972889
NEW,2019-02-11,D6,2017,,0.130000,,14833349
NEW,2019-02-11,D6,2018,,0.180002,,79542618
NEW,2019-02-11,D6,2019,,0.200000,,141299002
NEW,2019-02-18,D6,2017,,0.190000,,8685204
NEW,2019-02-18,D6,2018,,0.240000,,203639785
NEW,2019-02-18,D6,2019,,0.200000,,140667604
NEW,2019-02-25,D6,2017,,0.178832,,86753696
NEW,2019-02-25,D6,2018,,0.190003,,135309645
NEW,2019-02-25,D6,2019,,0.210000,,214647312
NEW,2019-03-04,D6,2017,,0.169845,,64426006
NEW,2019-03-04,D6,2018,,0.150170,,258868579
NEW,2019-03-04,D6,2019,,0.210000,,179560317
NEW,2019-03-11,D6,2017,,0.120000,,57158818
NEW,2019-03-11,D6,2018,,0.170030,,175674667
NEW,2019-03-11,D6,2019,,0.200000,,325353147
NEW,2019-03-18,D6,2017,,0.030007,,230841542
NEW,2019-03-18,D6,2018,,0.170000,,100090081
NEW,2019-03-18,D6,2019,,0.180000,,216018190
NEW,2019-03-25,D6,2017,,0.020000,,147669617
NEW,2019-03-25,D6,2018,,0.150000,,707100874
NEW,2019-03-25,D6,2019,,0.190000,,361373908
NEW,2019-04-01,D6,2018,,0.127928,,28956140
NEW,2019-04-01,D6,2019,,0.180000,,257070265
NEW,2019-04-08,D6,2018,,0.110000,,52124964
NEW,2019-04-08,D6,2019,,0.190000,,272361726
NEW,2019-04-15,D6,2018,,0.120020,,23701757
NEW,2019-04-15,D6,2019,,0.180000,,350246746
NEW,2019-04-22,D6,2018,,0.130000,,52286063
NEW,2019-04-22,D6,2019,,0.160000,,248532007
NEW,2019-04-29,D6,2018,,0.100000,,54217209
NEW,2019-04-29,D6,2019,,0.170000,,284732656
NEW,2019-05-06,D6,2018,,0.120000,,11789163
NEW,2019-05-06,D6,2019,,0.170000,,183117051
NEW,2019-05-13,D6,2018,,0.150000,,23183418
NEW,2019-05-13,D6,2019,,0.170000,,227044517
NEW,2019-05-20,D6,2018,,0.090000,,149263666
NEW,2019-05-20,D6,2019,,0.190000,,175661684
NEW,2019-05-27,D6,2018,,0.100000,,11873562
NEW,2019-05-27,D6,2019,,0.160000,,229236706
NEW,2019-06-03,D6,2018,,0.140268,,25754064
NEW,2019-06-03,D6,2019,,0.170000,,209994073
NEW,2019-06-10,D6,2018,,0.140000,,19613687
NEW,2019-06-10,D6,2019,,0.160000,,427400564
NEW,2019-06-17,D6,2018,,0.120000,,19931093
NEW,2019-06-17,D6,2019,,0.170000,,321441595
NEW,2019-06-24,D6,2018,,0.170000,,171659849
NEW,2019-06-24,D6,2019,,0.180000,,611706299
NEW,2019-07-01,D6,2018,,0.119981,,36095054
NEW,2019-07-01,D6,2019,,0.180000,,242861774
NEW,2019-07-08,D6,2018,,0.200000,,10172207
NEW,2019-07-08,D6,2019,,0.190000,,223950155
NEW,2019-07-15,D6,2018,,0.140000,,23358955
NEW,2019-07-15,D6,2019,,0.190000,,327004101
NEW,2019-07-22,D6,2018,,0.180000,,7315497
NEW,2019-07-22,D6,2019,,0.200012,,301749500
NEW,2019-07-29,D6,2018,,0.170000,,87457860
NEW,2019-07-29,D6,2019,,0.200000,,262325099
NEW,2019-08-05,D6,2018,,0.170000,,16968465
NEW,2019-08-05,D6,2019,,0.220000,,166383149
NEW,2019-08-12,D6,2018,,0.060000,,57871056
NEW,2019-08-12,D6,2019,,0.210000,,228542462
NEW,2019-08-19,D6,2018,,0.080000,,52773826
NEW,2019-08-19,D6,2019,,0.220000,,235565185
NEW,2019-08-26,D6,2018,,0.110000,,140306549
NEW,2019-08-26,D6,2019,,0.170000,,316769146
NEW,2019-09-02,D6,2018,,0.140000,,24191128
NEW,2019-09-02,D6,2019,,0.170000,,271948415
NEW,2019-09-09,D6,2018,,0.090000,,58886317
NEW,2019-09-09,D6,2019,,0.170000,,382302799
NEW,2019-09-16,D6,2018,,0.110000,,143660894
NEW,2019-09-16,D6,2019,,0.180010,,475389840
NEW,2019-09-23,D6,2018,,0.128754,,93550021
NEW,2019-09-23,D6,2019,,0.180000,,635534221
NEW,2019-09-30,D6,2018,,0.110000,,147411106
NEW,2019-09-30,D6,2019,,0.180000,,424117244
NEW,2019-10-07,D6,2018,,0.100000,,14233201
NEW,2019-10-07,D6,2019,,0.200000,,226607755
NEW,2019-10-14,D6,2018,,0.100000,,90341701
NEW,2019-10-14,D6,2019,,0.180000,,418040602
NEW,2019-10-21,D6,2018,,0.110000,,67584870
NEW,2019-10-21,D6,2019,,0.199983,,337458936
NEW,2019-10-28,D6,2018,,0.090000,,42016643
NEW,2019-10-28,D6,2019,,0.190000,,307931721
NEW,2019-11-04,D6,2018,,0.120000,,40629668
NEW,2019-11-04,D6,2019,,0.170000,,460580509
NEW,2019-11-11,D6,2018,,0.080000,,67368549
NEW,2019-11-11,D6,2019,,0.168938,,315729505
NEW,2019-11-18,D6,2018,,0.070000,,36776325
NEW,2019-11-18,D6,2019,,0.150164,,325739072
NEW,2019-11-25,D6,2018,,0.070000,,24122750
NEW,2019-11-25,D6,2019,,0.150000,,230441415
NEW,2019-12-02,D6,2018,,0.069258,,53922183
NEW,2019-12-02,D6,2019,,0.170000,,373879180
NEW,2019-12-09,D6,2018,,0.090000,,175900938
NEW,2019-12-09,D6,2019,,0.160000,,509875548
NEW,2019-12-16,D6,2018,,0.080000,,85266042
NEW,2019-12-16,D6,2019,,0.150000,,687205423
NEW,2019-12-23,D6,2018,,0.080000,,18777247
NEW,2019-12-23,D6,2019,,0.150000,,403825731
NEW,2019-12-30,D6,2018,,0.075130,,24617844
NEW,2019-12-30,D6,2019,,0.176013,,236415758
NEW,2019-12-30,D6,2020,,0.160000,,363628
NEW,2020-01-06,D6,2018,,0.060000,,19898946
NEW,2020-01-06,D6,2019,,0.129990,,376728583
NEW,2020-01-06,D6,2020,,0.200000,,8058494
NEW,2020-01-13,D6,2018,,0.090000,,23227338
NEW,2020-01-13,D6,2019,,0.120000,,466042702
NEW,2020-01-13,D6,2020,,0.210000,,20028219
NEW,2020-01-20,D6,2018,,0.070000,,21580498
NEW,2020-01-20,D6,2019,,0.119974,,320396691
NEW,2020-01-20,D6,2020,,0.200000,,48744082
NEW,2020-01-27,D6,2018,,0.080000,,62293787
NEW,2020-01-27,D6,2019,,0.120000,,339913465
NEW,2020-01-27,D6,2020,,0.190000,,62822891
NEW,2020-02-03,D6,2018,,0.120001,,60190851
NEW,2020-02-03,D6,2019,,0.150000,,160108490
NEW,2020-02-03,D6,2020,,0.200000,,133414117
NEW,2020-02-10,D6,2018,,0.100000,,34973888
NEW,2020-02-10,D6,2019,,0.180000,,308821063
NEW,2020-02-10,D6,2020,,0.220000,,130873912
NEW,2020-02-17,D6,2018,,0.200000,,37229584
NEW,2020-02-17,D6,2019,,0.179998,,177725239
NEW,2020-02-17,D6,2020,,0.220000,,172910866
NEW,2020-02-24,D6,2018,,0.210000,,33431950
NEW,2020-02-24,D6,2019,,0.189822,,171671707
NEW,2020-02-24,D6,2020,,0.240000,,230648491
NEW,2020-03-02,D6,2018,,0.280000,,17609767
NEW,2020-03-02,D6,2019,,0.260004,,121962714
NEW,2020-03-02,D6,2020,,0.270003,,176074953
NEW,2020-03-09,D6,2018,,0.260000,,11882469
NEW,2020-03-09,D6,2019,,0.250004,,177821277
NEW,2020-03-09,D6,2020,,0.290000,,231288811
NEW,2020-03-16,D6,2018,,0.140202,,47986153
NEW,2020-03-16,D6,2019,,0.227925,,332159105
NEW,2020-03-16,D6,2020,,0.270000,,271264992
NEW,2020-03-23,D6,2018,,0.080010,,86061125
NEW,2020-03-23,D6,2019,,0.280065,,539546745
NEW,2020-03-23,D6,2020,,0.269271,,288154387
NEW,2020-03-30,D6,2018,,0.191617,,247006
NEW,2020-03-30,D6,2019,,0.230370,,98836983
NEW,2020-03-30,D6,2020,,0.279734,,225608890
NEW,2020-04-06,D6,2019,,0.210473,,92545450
NEW,2020-04-06,D6,2020,,0.280000,,150364930
NEW,2020-04-13,D6,2019,,0.220968,,330619479
NEW,2020-04-13,D6,2020,,0.269997,,352635644
NEW,2020-04-20,D6,2019,,0.230000,,58762527
NEW,2020-04-20,D6,2020,,0.290000,,238697690
NEW,2020-04-27,D6,2019,,0.270000,,59234714
NEW,2020-04-27,D6,2020,,0.299837,,214695791
NEW,2020-05-04,D6,2019,,0.320000,,30551836
NEW,2020-05-04,D6,2020,,0.320000,,146172223
NEW,2020-05-11,D6,2019,,0.300000,,28568024
NEW,2020-05-11,D6,2020,,0.340000,,198489780
NEW,2020-05-18,D6,2019,,0.330000,,19733075
NEW,2020-05-18,D6,2020,,0.330000,,218224055
NEW,2020-05-25,D6,2019,,0.320000,,39725607
NEW,2020-05-25,D6,2020,,0.340000,,195417077
NEW,2020-06-01,D6,2019,,0.320000,,32662106
NEW,2020-06-01,D6,2020,,0.390000,,183411741
NEW,2020-06-08,D6,2019,,0.353853,,49545047
NEW,2020-06-08,D6,2020,,0.360000,,214232308
NEW,2020-06-15,D6,2019,,0.350000,,58064740
NEW,2020-06-15,D6,2020,,0.380000,,354807137
NEW,2020-06-22,D6,2019,,0.394093,,18586096
NEW,2020-06-22,D6,2020,,0.390000,,259306392
NEW,2020-06-29,D6,2019,,0.360000,,34251496
NEW,2020-06-29,D6,2020,,0.370007,,312092889
NEW,2020-07-06,D6,2019,,0.320000,,69302851
NEW,2020-07-06,D6,2020,,0.360000,,268232391
NEW,2020-07-13,D6,2019,,0.375249,,29468850
NEW,2020-07-13,D6,2020,,0.360006,,309683996
NEW,2020-07-20,D6,2019,,0.411970,,20304676
NEW,2020-07-20,D6,2020,,0.420000,,246790068
NEW,2020-07-27,D6,2019,,0.441766,,18014645
NEW,2020-07-27,D6,2020,,0.430000,,296946367
NEW,2020-08-03,D6,2019,,0.420000,,7500000
NEW,2020-08-03,D6,2020,,0.420000,,234325938
NEW,2020-08-10,D6,2019,,0.360000,,9185472
NEW,2020-08-10,D6,2020,,0.400000,,204936001
NEW,2020-08-17,D6,2019,,0.390000,,14168584
NEW,2020-08-17,D6,2020,,0.430000,,306431232
NEW,2020-08-24,D6,2019,,0.369577,,17887150
NEW,2020-08-24,D6,2020,,0.450000,,312906528
NEW,2020-08-31,D6,2019,,0.360281,,29058521
NEW,2020-08-31,D6,2020,,0.400000,,378909426
NEW,2020-09-07,D6,2019,,0.310000,,50543225
NEW,2020-09-07,D6,2020,,0.420000,,243254791
NEW,2020-09-14,D6,2019,,0.400000,,45967979
NEW,2020-09-14,D6,2020,,0.440000,,458281904
NEW,2020-09-21,D6,2019,,0.382056,,68709819
NEW,2020-09-21,D6,2020,,0.450000,,277775008
NEW,2020-09-28,D6,2019,,0.330000,,159759752
NEW,2020-09-28,D6,2020,,0.440000,,295281378
NEW,2020-10-05,D6,2019,,0.443095,,37655894
NEW,2020-10-05,D6,2020,,0.420000,,322022702
NEW,2020-10-12,D6,2019,,0.423628,,24807049
NEW,2020-10-12,D6,2020,,0.460000,,323694717
NEW,2020-10-19,D6,2019,,0.450000,,11522018
NEW,2020-10-19,D6,2020,,0.470000,,347700411
NEW,2020-10-26,D6,2019,,0.407114,,5226215
NEW,2020-10-26,D6,2020,,0.510000,,388825883
NEW,2020-11-02,D6,2019,,0.370000,,24518708
NEW,2020-11-02,D6,2020,,0.450000,,280217823
NEW,2020-11-09,D6,2019,,0.300438,,49159100
NEW,2020-11-09,D6,2020,,0.500000,,375054185
NEW,2020-11-16,D6,2019,,0.480000,,58961866
NEW,2020-11-16,D6,2020,,0.530000,,389376287
NEW,2020-11-23,D6,2019,,0.600000,,2625062
NEW,2020-11-23,D6,2020,,0.590000,,202364726
NEW,2020-11-30,D6,2019,,0.489013,,63000574
NEW,2020-11-30,D6,2020,,0.570000,,270990520
NEW,2020-12-07,D6,2019,,0.480013,,74278280
NEW,2020-12-07,D6,2020,,0.580000,,338505313
NEW,2020-12-14,D6,2019,,0.620000,,45464044
NEW,2020-12-14,D6,2020,,0.560149,,504328083
NEW,2020-12-21,D6,2019,,0.420000,,3287007
NEW,2020-12-21,D6,2020,,0.620000,,290764972
NEW,2020-12-28,D6,2019,,0.430000,,13508007
NEW,2020-12-28,D6,2020,,0.547934,,317836889
NEW,2021-01-04,D6,2019,,0.689458,,118850300
NEW,2021-01-04,D6,2020,,0.740000,,420036188
NEW,2021-01-04,D6,2021,,0.740000,,6150522
NEW,2021-01-11,D6,2019,,0.610000,,127604540
NEW,2021-01-11,D6,2020,,0.738229,,340330044
NEW,2021-01-11,D6,2021,,0.720000,,13488711
NEW,2021-01-18,D6,2019,,0.770000,,43751649
NEW,2021-01-18,D6,2020,,0.760000,,359713893
NEW,2021-01-18,D6,2021,,0.790000,,38819946
NEW,2021-01-25,D6,2019,,0.614326,,105187947
NEW,2021-01-25,D6,2020,,0.750038,,372386214
NEW,2021-01-25,D6,2021,,0.800000,,50080566
NEW,2021-02-01,D6,2019,,0.520000,,107956447
NEW,2021-02-01,D6,2020,,0.890000,,119604348
NEW,2021-02-01,D6,2021,,0.810000,,119989064
NEW,2021-02-08,D6,2019,,0.740000,,38294107
NEW,2021-02-08,D6,2020,,0.830000,,185621444
NEW,2021-02-08,D6,2021,,0.840000,,90736087
NEW,2021-02-15,D6,2019,,0.450000,,14500000
NEW,2021-02-15,D6,2020,,0.730000,,183706872
NEW,2021-02-15,D6,2021,,0.840000,,120040144
NEW,2021-02-22,D6,2019,,0.880000,,33450416
NEW,2021-02-22,D6,2020,,0.790000,,178103402
NEW,2021-02-22,D6,2021,,0.930000,,186360362
NEW,2021-03-01,D6,2019,,0.940000,,13848996
NEW,2021-03-01,D6,2020,,1.019994,,105557130
NEW,2021-03-01,D6,2021,,0.980000,,181338593
NEW,2021-03-08,D6,2019,,0.966989,,7063544
NEW,2021-03-08,D6,2020,,0.910000,,86376005
NEW,2021-03-08,D6,2021,,1.000000,,189921549
NEW,2021-03-15,D6,2019,,0.879202,,8766699
NEW,2021-03-15,D6,2020,,1.020000,,133991985
NEW,2021-03-15,D6,2021,,0.990000,,359385658
NEW,2021-03-22,D6,2019,,1.000307,,130085445
NEW,2021-03-22,D6,2020,,1.000102,,61351247
NEW,2021-03-22,D6,2021,,0.990223,,230916368
NEW,2021-03-29,D6,2019,,1.330000,,2075682
NEW,2021-03-29,D6,2020,,1.090655,,29892932
NEW,2021-03-29,D6,2021,,1.080000,,296632869
NEW,2021-04-05,D6,2018,,0.990000,,229808
NEW,2021-04-05,D6,2020,,1.020000,,40949306
NEW,2021-04-05,D6,2021,,1.150000,,208809302
NEW,2021-04-12,D6,2020,,1.080000,,19044363
NEW,2021-04-12,D6,2021,,1.170000,,312241810
NEW,2021-04-19,D6,2020,,1.190000,,23128414
NEW,2021-04-19,D6,2021,,1.240000,,236202616
NEW,2021-04-26,D6,2019,,1.250000,,137605
NEW,2021-04-26,D6,2020,,1.280000,,15403633
NEW,2021-04-26,D6,2021,,1.220000,,393515676
NEW,2021-05-03,D6,2019,,1.300000,,74932
NEW,2021-05-03,D6,2020,,1.210000,,38659309
NEW,2021-05-03,D6,2021,,1.310000,,265326684
NEW,2021-05-10,D6,2020,,1.260000,,20625575
NEW,2021-05-10,D6,2021,,1.310000,,278872203
NEW,2021-05-17,D6,2020,,1.580000,,4055363
NEW,2021-05-17,D6,2021,,1.400000,,338162111
NEW,2021-05-24,D6,2019,,1.730000,,142314
NEW,2021-05-24,D6,2020,,1.780000,,13104988
NEW,2021-05-24,D6,2021,,1.430000,,355474667
NEW,2021-05-31,D6,2020,,1.390000,,58737637
NEW,2021-05-31,D6,2021,,1.310000,,278508208
NEW,2021-06-07,D6,2020,,1.440000,,35375788
NEW,2021-06-07,D6,2021,,1.440000,,412565723
NEW,2021-06-14,D6,2020,,1.720000,,35582424
NEW,2021-06-14,D6,2021,,1.370000,,478578161
NEW,2021-06-21,D6,2020,,1.540000,,44327645
NEW,2021-06-21,D6,2021,,1.490000,,323093825
NEW,2021-06-28,D6,2019,,1.360000,,183902
NEW,2021-06-28,D6,2020,,1.469967,,28192706
NEW,2021-06-28,D6,2021,,1.290000,,406019372
NEW,2021-07-05,D6,2020,,1.920000,,503165
NEW,2021-07-05,D6,2021,,1.350000,,308876730
NEW,2021-07-12,D6,2019,,1.390000,,115803
NEW,2021-07-12,D6,2020,,1.480000,,17000000
NEW,2021-07-12,D6,2021,,1.560000,,385813770
NEW,2021-07-19,D6,2020,,1.470000,,5010586
NEW,2021-07-19,D6,2021,,1.500000,,306380390
NEW,2021-07-26,D6,2019,,1.530000,,1217386
NEW,2021-07-26,D6,2020,,1.430000,,2843135
NEW,2021-07-26,D6,2021,,1.480000,,401030215
NEW,2021-08-02,D6,2020,,1.570000,,5680716
NEW,2021-08-02,D6,2021,,1.510000,,264139621
NEW,2021-08-09,D6,2020,,1.480000,,6473469
NEW,2021-08-09,D6,2021,,1.410000,,186556843
NEW,2021-08-16,D6,2020,,1.670000,,3182886
NEW,2021-08-16,D6,2021,,1.590000,,186442866
NEW,2021-08-23,D6,2021,,1.500000,,226025664
NEW,2021-08-30,D6,2020,,1.510000,,16755125
NEW,2021-08-30,D6,2021,,1.460000,,355907475
NEW,2021-09-06,D6,2020,,1.497683,,14000000
NEW,2021-09-06,D6,2021,,1.420000,,239862370
NEW,2021-09-13,D6,2020,,1.370000,,3664612
NEW,2021-09-13,D6,2021,,1.410000,,362426286
NEW,2021-09-20,D6,2019,,1.260000,,6725
NEW,2021-09-20,D6,2020,,1.490000,,20910042
NEW,2021-09-20,D6,2021,,1.340000,,378619022
NEW,2021-09-27,D6,2020,,1.426674,,19508047
NEW,2021-09-27,D6,2021,,1.410000,,633712321
NEW,2021-10-04,D6,2020,,1.420000,,10163467
NEW,2021-10-04,D6,2021,,1.410000,,410476518
NEW,2021-10-11,D6,2020,,1.180000,,9206615
NEW,2021-10-11,D6,2021,,1.370000,,587342172
NEW,2021-10-18,D6,2019,,0.930000,,581000
NEW,2021-10-18,D6,2020,,1.120000,,12000000
NEW,2021-10-18,D6,2021,,1.450000,,412508354
NEW,2021-10-25,D6,2018,,1.140000,,114904
NEW,2021-10-25,D6,2019,,1.000000,,125000000
NEW,2021-10-25,D6,2020,,1.180001,,172030505
NEW,2021-10-25,D6,2021,,1.380000,,400089116
NEW,2021-11-01,D6,2019,,1.100000,,142568497
NEW,2021-11-01,D6,2020,,1.100000,,14858832
NEW,2021-11-01,D6,2021,,1.330000,,391697451
NEW,2021-11-08,D6,2020,,1.120000,,23977713
NEW,2021-11-08,D6,2021,,1.320000,,313885299
NEW,2021-11-15,D6,2020,,1.056980,,2100990
NEW,2021-11-15,D6,2021,,1.280000,,549562404
NEW,2021-11-22,D6,2020,,1.080000,,607566
NEW,2021-11-22,D6,2021,,1.290000,,277621705
NEW,2021-11-29,D6,2020,,1.380000,,14081000
NEW,2021-11-29,D6,2021,,1.280000,,600216155
NEW,2021-12-06,D6,2020,,1.260000,,6074525
NEW,2021-12-06,D6,2021,,1.320000,,571761575
NEW,2021-12-13,D6,2020,,1.110000,,10507861
NEW,2021-12-13,D6,2021,,1.250000,,829954570
NEW,2021-12-20,D6,2019,,0.990000,,5500000
NEW,2021-12-20,D6,2020,,0.960000,,11258198
NEW,2021-12-20,D6,2021,,1.150000,,850354647
NEW,2021-12-27,D6,2019,,1.100000,,2053783
NEW,2021-12-27,D6,2020,,1.224544,,4595240
NEW,2021-12-27,D6,2021,,1.196922,,573996794
NEW,2021-12-27,D6,2022,,1.110000,,7857
NEW,2022-01-03,D6,2020,,1.030000,,5524481
NEW,2022-01-03,D6,2021,,1.230000,,512577068
NEW,2022-01-03,D6,2022,,1.240000,,5565009
NEW,2022-01-10,D6,2020,,1.150000,,19001348
NEW,2022-01-10,D6,2021,,1.079702,,604604792
NEW,2022-01-10,D6,2022,,1.230000,,20621336
NEW,2022-01-17,D6,2019,,1.190000,,9124806
NEW,2022-01-17,D6,2020,,1.010000,,1574373
NEW,2022-01-17,D6,2021,,1.090000,,427811305
NEW,2022-01-17,D6,2022,,1.150000,,33330201
NEW,2022-01-24,D6,2020,,1.520000,,10631837
NEW,2022-01-24,D6,2021,,1.179748,,356850130
NEW,2022-01-24,D6,2022,,1.050000,,50940552
NEW,2022-01-31,D6,2020,,1.000000,,500000
NEW,2022-01-31,D6,2021,,1.150000,,178468087
NEW,2022-01-31,D6,2022,,1.070000,,126579830
NEW,2022-02-07,D6,2021,,1.110000,,108019826
NEW,2022-02-07,D6,2022,,1.140000,,123601834
NEW,2022-02-14,D6,2020,,1.240000,,29110000
NEW,2022-02-14,D6,2021,,1.140000,,155412340
NEW,2022-02-14,D6,2022,,1.110000,,161113675
NEW,2022-02-21,D6,2020,,1.130000,,20500000
NEW,2022-02-21,D6,2021,,1.150000,,140106756
NEW,2022-02-21,D6,2022,,1.120000,,159077708
NEW,2022-02-28,D6,2020,,1.080000,,8332256
NEW,2022-02-28,D6,2021,,1.130000,,186393974
NEW,2022-02-28,D6,2022,,1.190000,,264052594
NEW,2022-03-07,D6,2020,,1.150000,,33067787
NEW,2022-03-07,D6,2021,,1.120000,,122708092
NEW,2022-03-07,D6,2022,,1.160000,,184483850
NEW,2022-03-14,D6,2020,,1.150000,,17830000
NEW,2022-03-14,D6,2021,,1.120000,,139446580
NEW,2022-03-14,D6,2022,,1.140000,,294479428
NEW,2022-03-21,D6,2019,,1.130000,,210000
NEW,2022-03-21,D6,2020,,1.160000,,125791245
NEW,2022-03-21,D6,2021,,1.080000,,117656008
NEW,2022-03-21,D6,2022,,1.150000,,322651208
NEW,2022-03-28,D6,2020,,1.090000,,103574373
NEW,2022-03-28,D6,2021,,1.110182,,164858912
NEW,2022-03-28,D6,2022,,1.140000,,313907288
NEW,2022-04-04,D6,2020,,1.159635,,13000000
NEW,2022-04-04,D6,2021,,1.140000,,96666496
NEW,2022-04-04,D6,2022,,1.140000,,399092523
NEW,2022-04-11,D6,2021,,1.150000,,115734769
NEW,2022-04-11,D6,2022,,1.170000,,329052776
NEW,2022-04-18,D6,2021,,1.160000,,62910080
NEW,2022-04-18,D6,2022,,1.210000,,404911406
NEW,2022-04-25,D6,2020,,1.220000,,17650000
NEW,2022-04-25,D6,2021,,1.290000,,116458526
NEW,2022-04-25,D6,2022,,1.220000,,344972600
NEW,2022-05-02,D6,2021,,1.280000,,29996703
NEW,2022-05-02,D6,2022,,1.280000,,252996665
NEW,2022-05-09,D6,2020,,1.550000,,2991435
NEW,2022-05-09,D6,2021,,1.180000,,48665261
NEW,2022-05-09,D6,2022,,1.300000,,292242242
NEW,2022-05-16,D6,2021,,1.250000,,26014828
NEW,2022-05-16,D6,2022,,1.220000,,515800936
NEW,2022-05-23,D6,2020,,1.640000,,1119700
NEW,2022-05-23,D6,2021,,1.150000,,32464817
NEW,2022-05-23,D6,2022,,1.340000,,289023846
NEW,2022-05-30,D6,2021,,1.280000,,67099176
NEW,2022-05-30,D6,2022,,1.360000,,296843591
NEW,2022-06-06,D6,2020,,1.650000,,75432
NEW,2022-06-06,D6,2021,,1.240582,,51701714
NEW,2022-06-06,D6,2022,,1.350000,,266987191
NEW,2022-06-13,D6,2020,,1.550000,,2596150
NEW,2022-06-13,D6,2021,,1.190468,,52317715
NEW,2022-06-13,D6,2022,,1.290000,,477089694
NEW,2022-06-20,D6,2021,,1.110000,,81216676
NEW,2022-06-20,D6,2022,,1.350000,,595268491
NEW,2022-06-27,D6,2020,,1.400000,,4622306
NEW,2022-06-27,D6,2021,,1.210000,,90398085
NEW,2022-06-27,D6,2022,,1.280000,,448957900
NEW,2022-07-04,D6,2021,,1.230000,,17123511
NEW,2022-07-04,D6,2022,,1.400000,,337146894
NEW,2022-07-11,D6,2021,,1.240000,,28115846
NEW,2022-07-11,D6,2022,,1.420000,,477598158
NEW,2022-07-18,D6,2021,,1.420000,,100866996
NEW,2022-07-18,D6,2022,,1.420000,,383487575
NEW,2022-07-25,D6,2021,,1.350000,,47386138
NEW,2022-07-25,D6,2022,,1.450000,,342976856
NEW,2022-08-01,D6,2019,,1.000000,,7323
NEW,2022-08-01,D6,2020,,1.520000,,35095979
NEW,2022-08-01,D6,2021,,1.470000,,45341218
NEW,2022-08-01,D6,2022,,1.430000,,292637392
NEW,2022-08-08,D6,2020,,1.450000,,106354
NEW,2022-08-08,D6,2021,,1.270000,,20819127
NEW,2022-08-08,D6,2022,,1.510000,,290599012
NEW,2022-08-15,D6,2019,,1.540000,,105157
NEW,2022-08-15,D6,2020,,1.510000,,2785103
NEW,2022-08-15,D6,2021,,1.310000,,19367695
NEW,2022-08-15,D6,2022,,1.490000,,274972411
NEW,2022-08-22,D6,2020,,1.500000,,903544
NEW,2022-08-22,D6,2021,,1.230000,,17783024
NEW,2022-08-22,D6,2022,,1.540000,,316463845
NEW,2022-08-29,D6,2020,,1.650000,,538652
NEW,2022-08-29,D6,2021,,1.330000,,22000769
NEW,2022-08-29,D6,2022,,1.560000,,217362319
NEW,2022-09-05,D6,2019,,1.610000,,500000
NEW,2022-09-05,D6,2020,,1.460000,,6896000
NEW,2022-09-05,D6,2021,,1.410000,,59458549
NEW,2022-09-05,D6,2022,,1.530000,,225679456
NEW,2022-09-12,D6,2019,,1.640000,,105157
NEW,2022-09-12,D6,2020,,1.650000,,471245
NEW,2022-09-12,D6,2021,,1.560000,,31014073
NEW,2022-09-12,D6,2022,,1.520000,,361111559
NEW,2022-09-19,D6,2019,,1.630000,,86030
NEW,2022-09-19,D6,2020,,1.600000,,11003400
NEW,2022-09-19,D6,2021,,1.610000,,3099088
NEW,2022-09-19,D6,2022,,1.550000,,467795946
NEW,2022-09-26,D6,2019,,1.600000,,500000
NEW,2022-09-26,D6,2020,,1.620000,,23204893
NEW,2022-09-26,D6,2021,,1.400000,,17071363
NEW,2022-09-26,D6,2022,,1.530000,,518765141
NEW,2022-10-03,D6,2020,,1.610000,,27364452
NEW,2022-10-03,D6,2021,,1.600000,,8000111
NEW,2022-10-03,D6,2022,,1.560000,,341221001
NEW,2022-10-10,D6,2020,,1.600000,,14649700
NEW,2022-10-10,D6,2021,,1.560000,,4418962
NEW,2022-10-10,D6,2022,,1.580000,,577331256
NEW,2022-10-17,D6,2020,,1.620000,,32619480
NEW,2022-10-17,D6,2021,,1.580000,,243667616
NEW,2022-10-17,D6,2022,,1.590000,,382885932
NEW,2022-10-24,D6,2019,,1.590000,,70942
NEW,2022-10-24,D6,2020,,1.320000,,260699935
NEW,2022-10-24,D6,2021,,1.610000,,11565711
NEW,2022-10-24,D6,2022,,1.610000,,297781739
NEW,2022-10-31,D6,2020,,1.680000,,21280926
NEW,2022-10-31,D6,2021,,1.650004,,24764040
NEW,2022-10-31,D6,2022,,1.600000,,375033368
NEW,2022-11-07,D6,2020,,1.720000,,61949629
NEW,2022-11-07,D6,2021,,1.730000,,439154
NEW,2022-11-07,D6,2022,,1.610000,,328105102
NEW,2022-11-14,D6,2019,,1.720000,,73994950
NEW,2022-11-14,D6,2020,,1.760000,,329509225
NEW,2022-11-14,D6,2021,,1.570000,,21363520
NEW,2022-11-14,D6,2022,,1.630000,,447522388
NEW,2022-11-21,D6,2019,,1.780000,,246057
NEW,2022-11-21,D6,2020,,1.680000,,120082166
NEW,2022-11-21,D6,2021,,1.610000,,30255115
NEW,2022-11-21,D6,2022,,1.690000,,320328991
NEW,2022-11-28,D6,2019,,1.800000,,12056978
NEW,2022-11-28,D6,2020,,1.820000,,639491
NEW,2022-11-28,D6,2021,,1.730000,,20025087
NEW,2022-11-28,D6,2022,,1.680000,,294943368
NEW,2022-12-05,D6,2021,,1.690000,,26562283
NEW,2022-12-05,D6,2022,,1.650000,,427651018
NEW,2022-12-12,D6,2021,,1.660000,,27392611
NEW,2022-12-12,D6,2022,,1.640000,,698876572
NEW,2022-12-19,D6,2021,,1.680000,,19650000
NEW,2022-12-19,D6,2022,,1.600000,,571956415
NEW,2022-12-26,D6,2021,,1.610000,,3725305
NEW,2022-12-26,D6,2022,,1.628786,,390938593
NEW,2022-12-26,D6,2023,,1.650000,,591182
NEW,2023-01-02,D6,2021,,1.640148,,3033090
NEW,2023-01-02,D6,2022,,1.650000,,213034971
NEW,2023-01-02,D6,2023,,1.700000,,19551021
NEW,2023-01-09,D6,2021,,1.730000,,1474960
NEW,2023-01-09,D6,2022,,1.650000,,218680472
NEW,2023-01-09,D6,2023,,1.680000,,55969207
NEW,2023-01-16,D6,2021,,1.720000,,6312345
NEW,2023-01-16,D6,2022,,1.660000,,301118106
NEW,2023-01-16,D6,2023,,1.640000,,53498691
NEW,2023-01-23,D6,2020,,0.840000,,140023
NEW,2023-01-23,D6,2021,,1.680000,,6529719
NEW,2023-01-23,D6,2022,,1.670000,,287496829
NEW,2023-01-23,D6,2023,,1.660000,,64676089
NEW,2023-01-30,D6,2020,,1.250000,,144665
NEW,2023-01-30,D6,2021,,1.670000,,3658702
NEW,2023-01-30,D6,2022,,1.640000,,258640491
NEW,2023-01-30,D6,2023,,1.650000,,99740413
NEW,2023-02-06,D6,2021,,1.650000,,18833768
NEW,2023-02-06,D6,2022,,1.630000,,150247021
NEW,2023-02-06,D6,2023,,1.640000,,87720649
NEW,2023-02-13,D6,2020,,1.650000,,401984
NEW,2023-02-13,D6,2021,,1.530000,,44921264
NEW,2023-02-13,D6,2022,,1.640000,,196405142
NEW,2023-02-13,D6,2023,,1.650000,,126308551
NEW,2023-02-20,D6,2021,,1.610000,,27165505
NEW,2023-02-20,D6,2022,,1.640000,,172390987
NEW,2023-02-20,D6,2023,,1.630000,,143565755
NEW,2023-02-27,D6,2021,,1.640000,,11202165
NEW,2023-02-27,D6,2022,,1.660000,,244736679
NEW,2023-02-27,D6,2023,,1.620000,,198084982
NEW,2023-03-06,D6,2021,,1.640000,,14360242
NEW,2023-03-06,D6,2022,,1.640000,,235607233
NEW,2023-03-06,D6,2023,,1.620000,,243084641
NEW,2023-03-13,D6,2020,,1.550000,,10085230
NEW,2023-03-13,D6,2021,,1.450000,,135094106
NEW,2023-03-13,D6,2022,,1.630000,,173765389
NEW,2023-03-13,D6,2023,,1.600000,,325778708
NEW,2023-03-20,D6,2020,,1.510000,,67286321
NEW,2023-03-20,D6,2021,,1.660000,,488972298
NEW,2023-03-20,D6,2022,,1.630000,,241717978
NEW,2023-03-20,D6,2023,,1.600000,,493238298
NEW,2023-03-27,D6,2020,,1.520000,,8580016
NEW,2023-03-27,D6,2021,,1.550000,,22840244
NEW,2023-03-27,D6,2022,,1.610000,,148868047
NEW,2023-03-27,D6,2023,,1.590000,,294028726
NEW,2023-04-03,D6,2021,,1.590000,,7129446
NEW,2023-04-03,D6,2022,,1.610000,,136411534
NEW,2023-04-03,D6,2023,,1.600000,,190548608
NEW,2023-04-10,D6,2021,,1.590000,,9000000
NEW,2023-04-10,D6,2022,,1.620000,,144848467
NEW,2023-04-10,D6,2023,,1.580000,,282257941
NEW,2023-04-17,D6,2021,,1.110000,,4607249
NEW,2023-04-17,D6,2022,,1.610000,,206947733
NEW,2023-04-17,D6,2023,,1.580000,,273459588
NEW,2023-04-24,D6,2021,,1.530000,,346598
NEW,2023-04-24,D6,2022,,1.580000,,118033295
NEW,2023-04-24,D6,2023,,1.580000,,269090170
NEW,2023-05-01,D6,2022,,1.600000,,84000660
NEW,2023-05-01,D6,2023,,1.560000,,286458156
NEW,2023-05-08,D6,2022,,1.560000,,200594564
NEW,2023-05-08,D6,2023,,1.580000,,279539607
NEW,2023-05-15,D6,2021,,1.520000,,537177
NEW,2023-05-15,D6,2022,,1.580000,,47941920
NEW,2023-05-15,D6,2023,,1.560000,,380182371
NEW,2023-05-22,D6,2021,,1.560000,,1748126
NEW,2023-05-22,D6,2022,,1.580000,,68612388
NEW,2023-05-22,D6,2023,,1.560000,,435187025
NEW,2023-05-29,D6,2022,,1.620000,,81400973
NEW,2023-05-29,D6,2023,,1.520000,,218910079
NEW,2023-06-05,D6,2022,,1.520000,,87105587
NEW,2023-06-05,D6,2023,,1.550000,,528026011
NEW,2023-06-12,D6,2022,,1.580000,,84788608
NEW,2023-06-12,D6,2023,,1.570000,,530903092
NEW,2023-06-19,D6,2022,,1.570000,,44316337
NEW,2023-06-19,D6,2023,,1.560000,,642131552
NEW,2023-06-26,D6,2021,,1.420000,,7070110
NEW,2023-06-26,D6,2022,,1.500000,,96441034
NEW,2023-06-26,D6,2023,,1.520000,,502650468
NEW,2023-07-03,D6,2021,,1.550000,,5000
NEW,2023-07-03,D6,2022,,1.480000,,140507416
NEW,2023-07-03,D6,2023,,1.520000,,443618789
NEW,2023-07-10,D6,2021,,1.600000,,623883
NEW,2023-07-10,D6,2022,,1.560000,,90378712
NEW,2023-07-10,D6,2023,,1.500000,,403396437
NEW,2023-07-17,D6,2021,,1.580000,,642252
NEW,2023-07-17,D6,2022,,1.530000,,86445925
NEW,2023-07-17,D6,2023,,1.520000,,369714256
NEW,2023-07-24,D6,2022,,1.570000,,87341407
NEW,2023-07-24,D6,2023,,1.540000,,469799714
NEW,2023-07-31,D6,2022,,1.560000,,41712431
NEW,2023-07-31,D6,2023,,1.530000,,331747627
NEW,2023-08-07,D6,2021,,1.480000,,5000
NEW,2023-08-07,D6,2022,,1.550000,,58071947
NEW,2023-08-07,D6,2023,,1.530000,,326680756
NEW,2023-08-14,D6,2022,,1.550000,,61878903
NEW,2023-08-14,D6,2023,,1.510000,,472356366
NEW,2023-08-21,D6,2021,,1.510000,,4976924
NEW,2023-08-21,D6,2022,,1.540000,,7582940
NEW,2023-08-21,D6,2023,,1.490000,,354938602
NEW,2023-08-28,D6,2022,,1.550000,,32984974
NEW,2023-08-28,D6,2023,,1.510000,,293992661
NEW,2023-09-04,D6,2021,,1.450000,,5274056
NEW,2023-09-04,D6,2022,,1.460000,,2226871
NEW,2023-09-04,D6,2023,,1.470000,,223669000
NEW,2023-09-11,D6,2022,,1.460000,,195909242
NEW,2023-09-11,D6,2023,,1.490000,,448809457
NEW,2023-09-18,D6,2022,,1.430000,,16557763
NEW,2023-09-18,D6,2023,,1.430601,,375687243
NEW,2023-09-25,D6,2021,,1.440000,,1448366
NEW,2023-09-25,D6,2022,,1.310000,,13506527
NEW,2023-09-25,D6,2023,,1.400000,,335285492
NEW,2023-10-02,D6,2021,,0.920000,,236904
NEW,2023-10-02,D6,2022,,1.320000,,20501710
NEW,2023-10-02,D6,2023,,1.450000,,427098087
NEW,2023-10-09,D6,2022,,0.950000,,50167484
NEW,2023-10-09,D6,2023,,1.320000,,297591562
NEW,2023-10-16,D6,2021,,0.990000,,274899
NEW,2023-10-16,D6,2022,,1.010000,,17841067
NEW,2023-10-16,D6,2023,,1.290000,,672232753
NEW,2023-10-23,D6,2021,,0.540000,,4759234
NEW,2023-10-23,D6,2022,,0.940000,,15902112
NEW,2023-10-23,D6,2023,,1.270084,,672050287
NEW,2023-10-30,D6,2021,,0.760000,,328905
NEW,2023-10-30,D6,2022,,1.280000,,33962519
NEW,2023-10-30,D6,2023,,1.250000,,343205399
NEW,2023-11-06,D6,2021,,0.790000,,137071
NEW,2023-11-06,D6,2022,,1.420000,,125961272
NEW,2023-11-06,D6,2023,,1.280000,,465793163
NEW,2023-11-13,D6,2022,,0.840000,,268724481
NEW,2023-11-13,D6,2023,,1.110000,,474676457
NEW,2023-11-20,D6,2021,,1.900000,,1085944
NEW,2023-11-20,D6,2022,,0.860000,,33141302
NEW,2023-11-20,D6,2023,,1.120000,,355116887
NEW,2023-11-27,D6,2021,,0.809868,,3059943
NEW,2023-11-27,D6,2022,,0.830000,,151201986
NEW,2023-11-27,D6,2023,,1.210000,,382470756
NEW,2023-12-04,D6,2022,,0.840000,,4171
NEW,2023-12-04,D6,2023,,1.210000,,782203037
NEW,2023-12-11,D6,2022,,0.830000,,3773613
NEW,2023-12-11,D6,2023,,1.170000,,923499178
NEW,2023-12-18,D6,2022,,0.830000,,168404
NEW,2023-12-18,D6,2023,,1.070000,,932779075
NEW,2023-12-25,D6,2022,,0.800000,,15004166
NEW,2023-12-25,D6,2023,,1.070000,,299780233
NEW,2024-01-01,D6,2022,,0.940000,,3564336
NEW,2024-01-01,D6,2023,,1.012996,,471522908
NEW,2024-01-01,D6,2024,,0.820000,,17498522
NEW,2024-01-08,D6,2023,,0.950000,,346980063
NEW,2024-01-08,D6,2024,,0.830000,,35455246
NEW,2024-01-15,D6,2022,,0.780000,,5129872
NEW,2024-01-15,D6,2023,,0.920000,,301105705
NEW,2024-01-15,D6,2024,,0.850000,,29264309
NEW,2024-01-22,D6,2022,,0.800000,,4447439
NEW,2024-01-22,D6,2023,,1.150000,,542245841
NEW,2024-01-22,D6,2024,,0.990000,,72655134
NEW,2024-01-29,D6,2023,,1.050000,,293695838
NEW,2024-01-29,D6,2024,,0.760000,,93351263
NEW,2024-02-05,D6,2022,,0.780000,,5690677
NEW,2024-02-05,D6,2023,,1.000000,,260931073
NEW,2024-02-05,D6,2024,,0.890000,,109635759
NEW,2024-02-12,D6,2022,,0.590000,,419669
NEW,2024-02-12,D6,2023,,0.970000,,171488761
NEW,2024-02-12,D6,2024,,1.010000,,158171828
NEW,2024-02-19,D6,2022,,0.590000,,623780
NEW,2024-02-19,D6,2023,,0.800000,,221550912
NEW,2024-02-19,D6,2024,,0.750000,,308774878
NEW,2024-02-26,D6,2022,,0.840000,,5684401
NEW,2024-02-26,D6,2023,,0.790000,,407811130
NEW,2024-02-26,D6,2024,,0.760000,,214213949
NEW,2024-03-04,D6,2022,,0.420000,,501271
NEW,2024-03-04,D6,2023,,0.900000,,209439468
NEW,2024-03-04,D6,2024,,0.850000,,213628287
NEW,2024-03-11,D6,2022,,0.430000,,2884339
NEW,2024-03-11,D6,2023,,0.890000,,286410728
NEW,2024-03-11,D6,2024,,0.750000,,345358808
NEW,2024-03-18,D6,2022,,0.700000,,407587
NEW,2024-03-18,D6,2023,,0.690000,,354378381
NEW,2024-03-18,D6,2024,,0.640000,,258441529
NEW,2024-03-25,D6,2022,,0.560000,,2298121
NEW,2024-03-25,D6,2023,,0.740000,,443840930
NEW,2024-03-25,D6,2024,,0.640000,,234954712
NEW,2024-04-01,D6,2023,,0.470000,,4055793
NEW,2024-04-01,D6,2024,,0.760000,,351470130
NEW,2024-04-08,D6,2023,,0.920000,,7717872
NEW,2024-04-08,D6,2024,,0.770000,,270595356
NEW,2024-04-15,D6,2023,,0.460000,,68047195
NEW,2024-04-15,D6,2024,,0.679055,,315558913
NEW,2024-04-22,D6,2023,,0.910000,,4964395
NEW,2024-04-22,D6,2024,,0.660000,,345531810
NEW,2024-04-29,D6,2023,,0.450000,,4275371
NEW,2024-04-29,D6,2024,,0.700000,,399074945
NEW,2024-05-06,D6,2023,,0.590000,,24003
NEW,2024-05-06,D6,2024,,0.610000,,271169572
NEW,2024-05-13,D6,2023,,0.590000,,12508104
NEW,2024-05-13,D6,2024,,0.600000,,241992295
NEW,2024-05-20,D6,2023,,0.480000,,8830305
NEW,2024-05-20,D6,2024,,0.590000,,379451663
NEW,2024-05-27,D6,2023,,0.530000,,10995322
NEW,2024-05-27,D6,2024,,0.560000,,258766366
NEW,2024-06-03,D6,2023,,0.480000,,35562875
NEW,2024-06-03,D6,2024,,0.680000,,480009420
NEW,2024-06-10,D6,2023,,0.530000,,2229399
NEW,2024-06-10,D6,2024,,0.699365,,367950565
NEW,2024-06-17,D6,2023,,0.490000,,2001426
NEW,2024-06-17,D6,2024,,0.650000,,257540963
NEW,2024-06-24,D6,2023,,0.520000,,3024109
NEW,2024-06-24,D6,2024,,0.660000,,736246425
NEW,2024-07-01,D6,2023,,0.490000,,4679221
NEW,2024-07-01,D6,2024,,0.644366,,578694368
NEW,2024-07-08,D6,2023,,0.570000,,2195806
NEW,2024-07-08,D6,2024,,0.690000,,206085334
NEW,2024-07-15,D6,2023,,0.580000,,3218686
NEW,2024-07-15,D6,2024,,0.740000,,416849879
NEW,2024-07-22,D6,2023,,0.630000,,1500200
NEW,2024-07-22,D6,2024,,0.619114,,405889726
NEW,2024-07-29,D6,2023,,0.590000,,7618473
NEW,2024-07-29,D6,2024,,0.610000,,367658253
NEW,2024-08-05,D6,2023,,0.510000,,11517427
NEW,2024-08-05,D6,2024,,0.650000,,440975387
NEW,2024-08-12,D6,2023,,0.590000,,5199
NEW,2024-08-12,D6,2024,,0.650000,,263875460
NEW,2024-08-19,D6,2023,,0.560000,,1898122
NEW,2024-08-19,D6,2024,,0.620000,,246257495
NEW,2024-08-26,D6,2023,,0.540000,,1401570
NEW,2024-08-26,D6,2024,,0.550000,,356957488
NEW,2024-09-02,D6,2023,,0.540000,,1876
NEW,2024-09-02,D6,2024,,0.550000,,469976916
NEW,2024-09-09,D6,2023,,0.550000,,126105
NEW,2024-09-09,D6,2024,,0.600000,,275603539
NEW,2024-09-16,D6,2023,,0.570000,,6840039
NEW,2024-09-16,D6,2024,,0.720000,,426052383
NEW,2024-09-23,D6,2023,,0.550000,,2500072
NEW,2024-09-23,D6,2024,,0.620000,,802334061
NEW,2024-09-30,D6,2023,,0.640000,,1950153
NEW,2024-09-30,D6,2024,,0.650000,,624712931
NEW,2024-10-07,D6,2023,,0.620000,,2013633
NEW,2024-10-07,D6,2024,,0.630000,,608245436
NEW,2024-10-14,D6,2023,,0.700000,,225117
NEW,2024-10-14,D6,2024,,0.610000,,597572973
NEW,2024-10-21,D6,2023,,0.680000,,455407
NEW,2024-10-21,D6,2024,,0.620000,,526591287
NEW,2024-10-28,D6,2023,,0.700000,,4837630
NEW,2024-10-28,D6,2024,,0.640000,,313518414
NEW,2024-11-04,D6,2023,,0.690000,,42837
NEW,2024-11-04,D6,2024,,0.640000,,308041458
NEW,2024-11-11,D6,2023,,0.540000,,4400314
NEW,2024-11-11,D6,2024,,0.630000,,490959532
NEW,2024-11-18,D6,2023,,0.580000,,13214619
NEW,2024-11-18,D6,2024,,0.680000,,576187004
NEW,2024-11-25,D6,2023,,0.680000,,194
NEW,2024-11-25,D6,2024,,0.610000,,255309081
NEW,2024-12-02,D6,2024,,0.650000,,429963118
NEW,2024-12-09,D6,2023,,0.640000,,10271310
NEW,2024-12-09,D6,2024,,0.650000,,743924450
NEW,2024-12-16,D6,2023,,0.600000,,9721
NEW,2024-12-16,D6,2024,,0.610000,,848814890
NEW,2024-12-23,D6,2023,,0.590000,,3747938
NEW,2024-12-23,D6,2024,,0.650000,,406702573
NEW,2024-12-30,D6,2023,,0.630000,,1815861
NEW,2024-12-30,D6,2024,,0.641639,,283972968
NEW,2024-12-30,D6,2025,,0.620000,,3487853
NEW,2025-01-06,D6,2023,,0.590000,,7720673
NEW,2025-01-06,D6,2024,,0.640000,,486738263
NEW,2025-01-06,D6,2025,,0.680000,,10724153
NEW,2025-01-13,D6,2023,,0.610000,,9206008
NEW,2025-01-13,D6,2024,,0.650000,,433051254
NEW,2025-01-13,D6,2025,,0.630000,,38290724
NEW,2025-01-20,D6,2023,,0.630000,,22894771
NEW,2025-01-20,D6,2024,,0.670000,,313169987
NEW,2025-01-20,D6,2025,,0.670000,,99380142
NEW,2025-01-27,D6,2024,,0.660000,,260178928
NEW,2025-01-27,D6,2025,,0.700000,,97500183
NEW,2025-02-03,D6,2024,,0.660000,,202496772
NEW,2025-02-03,D6,2025,,0.730000,,95633318
NEW,2025-02-10,D6,2023,,0.740000,,3750000
NEW,2025-02-10,D6,2024,,0.720000,,182833624
NEW,2025-02-10,D6,2025,,0.750000,,150435601
NEW,2025-02-17,D6,2023,,0.820000,,331414
NEW,2025-02-17,D6,2024,,0.700000,,245498065
NEW,2025-02-17,D6,2025,,0.780000,,98337471
NEW,2025-02-24,D6,2023,,0.820000,,219241
NEW,2025-02-24,D6,2024,,0.720000,,227888071
NEW,2025-02-24,D6,2025,,0.790000,,123227351
NEW,2025-03-03,D6,2023,,0.740000,,1091196
NEW,2025-03-03,D6,2024,,0.650000,,416826675
NEW,2025-03-03,D6,2025,,0.770000,,178723846
NEW,2025-03-10,D6,2023,,0.690000,,1855272
NEW,2025-03-10,D6,2024,,0.670000,,507339064
NEW,2025-03-10,D6,2025,,0.760000,,195425822
NEW,2025-03-17,D6,2023,,0.640000,,1807801
NEW,2025-03-17,D6,2024,,0.680000,,250724770
NEW,2025-03-17,D6,2025,,0.710000,,176593969
NEW,2025-03-24,D6,2023,,0.710000,,352820
NEW,2025-03-24,D6,2024,,0.720000,,172181624
NEW,2025-03-24,D6,2025,,0.740000,,230761887
NEW,2025-03-31,D6,2023,,0.890000,,198000
NEW,2025-03-31,D6,2024,,0.780000,,173445276
NEW,2025-03-31,D6,2025,,0.770000,,264636964
NEW,2025-04-07,D6,2023,,0.810000,,593368
NEW,2025-04-07,D6,2024,,0.810000,,51208488
NEW,2025-04-07,D6,2025,,0.770000,,253477373
NEW,2025-04-14,D6,2024,,0.770000,,53617397
NEW,2025-04-14,D6,2025,,0.770227,,348953732
NEW,2025-04-21,D6,2023,,0.960000,,49041
NEW,2025-04-21,D6,2024,,0.820000,,48308323
NEW,2025-04-21,D6,2025,,0.849281,,373575475
NEW,2025-04-28,D6,2023,,0.810000,,400000
NEW,2025-04-28,D6,2024,,0.810000,,37110263
NEW,2025-04-28,D6,2025,,0.870000,,322966328
NEW,2025-05-05,D6,2024,,0.770000,,113424433
NEW,2025-05-05,D6,2025,,0.839082,,484164201
NEW,2025-05-12,D6,2024,,0.820000,,59921351
NEW,2025-05-12,D6,2025,,0.910000,,306713496
NEW,2025-05-19,D6,2024,,0.960000,,7867252
NEW,2025-05-19,D6,2025,,0.850566,,363002964
NEW,2025-05-26,D6,2024,,0.680000,,249667679
NEW,2025-05-26,D6,2025,,0.970000,,424156406
NEW,2025-06-02,D6,2023,,0.880000,,59836
NEW,2025-06-02,D6,2024,,0.830000,,37446733
NEW,2025-06-02,D6,2025,,0.920000,,488657248
NEW,2025-06-09,D6,2024,,0.840000,,4421177
NEW,2025-06-09,D6,2025,,0.880000,,430662429
NEW,2025-06-16,D6,2024,,0.950000,,137347652
NEW,2025-06-16,D6,2025,,0.880000,,248331404
NEW,2025-06-23,D6,2024,,0.840000,,275609146
NEW,2025-06-23,D6,2025,,0.950000,,345226716
NEW,2025-06-30,D6,2023,,1.020000,,1073944
NEW,2025-06-30,D6,2024,,1.010000,,41321206
NEW,2025-06-30,D6,2025,,0.990062,,376972236
NEW,2025-07-07,D6,2023,,1.000000,,287487
NEW,2025-07-07,D6,2024,,1.080000,,123364042
NEW,2025-07-07,D6,2025,,0.940420,,528913785
NEW,2025-07-14,D6,2023,,0.980000,,13053023
NEW,2025-07-14,D6,2024,,1.010000,,14496359
NEW,2025-07-14,D6,2025,,0.951050,,483320191
NEW,2025-07-21,D6,2024,,0.900000,,2048672
NEW,2025-07-21,D6,2025,,0.980236,,448045555
NEW,2025-07-28,D6,2023,,1.160000,,20099
NEW,2025-07-28,D6,2024,,0.810000,,100806005
NEW,2025-07-28,D6,2025,,0.970192,,449167408
NEW,2025-08-04,D6,2024,,0.980000,,82502584
NEW,2025-08-04,D6,2025,,1.031679,,341727330
NEW,2025-08-11,D6,2024,,0.960000,,144866488
NEW,2025-08-11,D6,2025,,1.040000,,362448794
NEW,2025-08-18,D6,2024,,1.130000,,19113325
NEW,2025-08-18,D6,2025,,1.010888,,345268080
NEW,2025-08-25,D6,2024,,1.120000,,56319612
NEW,2025-08-25,D6,2025,,0.892983,,394821488
NEW,2025-09-01,D6,2023,,0.990000,,36750468
NEW,2025-09-01,D6,2024,,1.090000,,53030444
NEW,2025-09-01,D6,2025,,1.021042,,272018965
NEW,2025-09-08,D6,2024,,1.050000,,126350933
NEW,2025-09-08,D6,2025,,0.940170,,481117611
NEW,2025-09-15,D6,2022,,0.500000,,25757700
NEW,2025-09-15,D6,2023,,0.990000,,5698015
NEW,2025-09-15,D6,2024,,1.050000,,30085959
NEW,2025-09-15,D6,2025,,1.020191,,364639823
NEW,2025-09-22,D6,2023,,0.970000,,21011986
NEW,2025-09-22,D6,2024,,1.010000,,122614268
NEW,2025-09-22,D6,2025,,0.950700,,385333603
NEW,2025-09-29,D6,2022,,0.450000,,1540872
NEW,2025-09-29,D6,2023,,0.990000,,206596829
NEW,2025-09-29,D6,2024,,1.000000,,125921763
NEW,2025-09-29,D6,2025,,0.980757,,673016255
NEW,2025-10-06,D6,2023,,1.040000,,57781482
NEW,2025-10-06,D6,2024,,0.990000,,17859697
NEW,2025-10-06,D6,2025,,1.019565,,742752419
NEW,2025-10-13,D6,2023,,0.990000,,186005667
NEW,2025-10-13,D6,2024,,0.960000,,211927369
NEW,2025-10-13,D6,2025,,1.000344,,723925932
NEW,2025-10-20,D6,2023,,0.980000,,256144814
NEW,2025-10-20,D6,2024,,0.970000,,144298426
NEW,2025-10-20,D6,2025,,1.000117,,830368586
NEW,2025-10-27,D6,2023,,0.970000,,130418617
NEW,2025-10-27,D6,2024,,0.980000,,159541412
NEW,2025-10-27,D6,2025,,0.970000,,908533696
NEW,2025-11-03,D6,2023,,0.960000,,162493210
NEW,2025-11-03,D6,2024,,1.070000,,39400705
NEW,2025-11-03,D6,2025,,1.010202,,489720888
NEW,2025-11-10,D6,2022,,0.080000,,13427667
NEW,2025-11-10,D6,2023,,1.000000,,225602865
NEW,2025-11-10,D6,2024,,0.920000,,184812445
NEW,2025-11-10,D6,2025,,0.999799,,647781149
NEW,2025-11-17,D6,2022,,0.230000,,13427667
NEW,2025-11-17,D6,2023,,0.950000,,175224551
NEW,2025-11-17,D6,2024,,0.890000,,210821399
NEW,2025-11-17,D6,2025,,1.000785,,557224949
NEW,2025-11-24,D6,2023,,0.990000,,1254903
NEW,2025-11-24,D6,2024,,1.000000,,500208536
NEW,2025-11-24,D6,2025,,0.994022,,246678097
NEW,2025-12-01,D6,2024,,1.000000,,49437751
NEW,2025-12-01,D6,2025,,1.010078,,805274466
NEW,2025-12-08,D6,2024,,1.020000,,47588231
NEW,2025-12-08,D6,2025,,1.019277,,879363530
NEW,2025-12-15,D6,2024,,0.980000,,73695767
NEW,2025-12-15,D6,2025,,1.020066,,971624936
NEW,2025-12-22,D6,2024,,1.010000,,15222714
NEW,2025-12-22,D6,2025,,1.009120,,463745158
NEW,2025-12-29,D6,2024,,1.003168,,84295229
NEW,2025-12-29,D6,2025,,0.997927,,789114589
NEW,2025-12-29,D6,2026,,1.070000,,235023
NEW,2026-01-05,D6,2024,,0.980000,,40375783
NEW,2026-01-05,D6,2025,,1.050503,,494012474
NEW,2026-01-05,D6,2026,,1.120000,,12704561
NEW,2026-01-12,D6,2024,,1.030000,,67542650
NEW,2026-01-12,D6,2025,,1.060000,,323413337
NEW,2026-01-12,D6,2026,,1.091222,,60487362
NEW,2026-01-19,D6,2024,,1.070000,,3772284
NEW,2026-01-19,D6,2025,,1.070150,,411452057
NEW,2026-01-19,D6,2026,,1.124352,,68314170
NEW,2026-01-26,D6,2024,,0.990000,,2184196
NEW,2026-01-26,D6,2025,,1.120397,,191359604
NEW,2026-01-26,D6,2026,,1.220977,,42654640
NEW,2026-02-02,D6,2024,,1.170000,,102578267
NEW,2026-02-02,D6,2025,,1.070457,,277051912
NEW,2026-02-02,D6,2026,,1.199581,,100758475
NEW,2026-02-09,D6,2024,,1.130000,,40818862
NEW,2026-02-09,D6,2025,,1.180088,,316413147
NEW,2026-02-09,D6,2026,,1.241334,,130678787
NEW,2026-02-16,D6,2024,,1.110000,,5987804
NEW,2026-02-16,D6,2025,,1.080174,,322122448
NEW,2026-02-16,D6,2026,,1.303724,,134119787
NEW,2026-02-23,D6,2024,,1.280000,,16539817
NEW,2026-02-23,D6,2025,,1.209786,,310331278
NEW,2026-02-23,D6,2026,,1.237945,,269159829
NEW,2026-03-02,D6,2024,,1.210000,,37318859
NEW,2026-03-02,D6,2025,,1.159943,,366054796
NEW,2026-03-02,D6,2026,,1.370785,,189391056
NEW,2026-03-09,D6,2024,,1.150000,,21500000
NEW,2026-03-09,D6,2025,,1.290127,,677983564
NEW,2026-03-09,D6,2026,,1.349546,,390141704
NEW,2026-03-16,D6,2024,,1.170000,,45999250
NEW,2026-03-16,D6,2025,,1.279695,,311866064
NEW,2026-03-16,D6,2026,,1.295763,,281829868
NEW,2026-03-23,D6,2024,,1.420000,,87010
NEW,2026-03-23,D6,2025,,1.209946,,126475478
NEW,2026-03-23,D6,2026,,1.323504,,352010122
NEW,2026-03-30,D6,2024,,1.700000,,174960
NEW,2026-03-30,D6,2025,,1.369820,,52440482
NEW,2026-03-30,D6,2026,,1.458980,,401010896
NEW,2026-04-06,D6,2024,,1.470000,,26600000
NEW,2026-04-06,D6,2025,,1.616371,,96764667
NEW,2026-04-06,D6,2026,,1.501134,,364305183
NEW,2026-04-13,D6,2024,,1.730000,,10000000
NEW,2026-04-13,D6,2025,,1.529941,,15004158
NEW,2026-04-13,D6,2026,,1.527456,,245951379
NEW,2026-04-20,D6,2024,,1.750000,,6650000
NEW,2026-04-20,D6,2025,,1.611099,,73093441
NEW,2026-04-20,D6,2026,,1.632717,,270239887
NEW,2026-04-27,D6,2024,,1.810000,,5000000
NEW,2026-04-27,D6,2025,,1.632227,,152845500
NEW,2026-04-27,D6,2026,,1.540860,,526980615
NEW,2026-05-04,D6,2024,,1.770000,,30000000
NEW,2026-05-04,D6,2025,,1.620019,,137785316
NEW,2026-05-04,D6,2026,,1.752034,,199158964
NEW,2026-05-11,D6,2024,,1.960000,,3000000
NEW,2026-05-11,D6,2025,,1.549073,,287611341
NEW,2026-05-11,D6,2026,,1.735766,,280391491
NEW,2026-05-18,D6,2024,,1.860000,,13500000
NEW,2026-05-18,D6,2025,,1.861383,,67998291
NEW,2026-05-18,D6,2026,,1.859399,,194305659
NEW,2026-05-25,D6,2025,,1.741641,,55943127
NEW,2026-05-25,D6,2026,,1.918574,,325561239
NEW,2026-06-01,D6,2024,,1.840000,,19000000
NEW,2026-06-01,D6,2025,,1.972705,,23683415
NEW,2026-06-01,D6,2026,,1.845942,,253374914
NEW,2026-06-08,D6,2024,,2.040000,,34979785
NEW,2026-06-08,D6,2025,,2.080000,,23704582
NEW,2026-06-08,D6,2026,,1.812915,,343342524
NEW,2026-06-15,D6,2024,,2.070000,,10000000
NEW,2026-06-15,D6,2025,,2.169508,,32803398
NEW,2026-06-15,D6,2026,,1.870000,,370884576
NEW,2026-06-22,D6,2024,,2.150000,,8850000
NEW,2026-06-22,D6,2025,,1.990174,,58027860
NEW,2026-06-22,D6,2026,,1.988770,,471135325
NEW,2026-06-29,D6,2024,,2.340000,,21381736
NEW,2026-06-29,D6,2025,,2.312180,,33249506
NEW,2026-06-29,D6,2026,,2.054009,,304716497
NEW,2026-07-06,D6,2024,,2.320000,,28500000
NEW,2026-07-06,D6,2025,,2.130000,,36387855
NEW,2026-07-06,D6,2026,,2.038147,,292599823
NEW,2026-07-13,D6,2024,,2.370000,,18500000
NEW,2026-07-13,D6,2025,,2.392888,,19068072
NEW,2026-07-13,D6,2026,,2.157100,,326816038
NEW,2026-07-20,D6,2024,,2.360000,,36467718
NEW,2026-07-20,D6,2025,,2.310000,,59876664
NEW,2026-07-20,D6,2026,,2.219554,,231965039
NEW,2026-07-27,D6,2024,,2.340000,,8600000
NEW,2026-07-27,D6,2025,,2.370000,,10194591
NEW,2026-07-27,D6,2026,,2.267608,,300652141
NEW,2026-08-03,D6,2024,,2.140000,,38190042
NEW,2026-08-03,D6,2025,,2.268470,,277954759
NEW,2026-08-03,D6,2026,,2.280699,,337155513
NEW,2026-08-10,D6,2024,,2.120000,,2243947
NEW,2026-08-10,D6,2025,,2.140058,,158405543
NEW,2026-08-10,D6,2026,,2.202518,,207657538
NEW,2026-08-17,D6,2024,,1.240000,,20267550
NEW,2026-08-17,D6,2025,,2.060036,,60222674
NEW,2026-08-17,D6,2026,,2.125188,,338178670
NEW,2026-08-24,D6,2024,,1.050000,,2347057
NEW,2026-08-24,D6,2025,,1.240000,,147051266
NEW,2026-08-24,D6,2026,,2.202701,,231061706
