quarter,start,end,retail_margin_cpg,supply_rin_cpg,gallons_million
F2020Q1,2019-05-01,2019-07-31,24.4,,
F2020Q2,2019-08-01,2019-10-31,22.9,,
F2020Q3,2019-11-01,2020-01-31,21.7,,
F2020Q4,2020-02-01,2020-04-30,40.8,,
F2021Q1,2020-05-01,2020-07-31,38.2,,
F2021Q2,2020-08-01,2020-10-31,35.3,,
F2021Q3,2020-11-01,2021-01-31,32.9,,
F2021Q4,2021-02-01,2021-04-30,33.0,,
F2022Q1,2021-05-01,2021-07-31,35.1,,
F2022Q2,2021-08-01,2021-10-31,34.7,,
F2022Q3,2021-11-01,2022-01-31,38.3,,
F2022Q4,2022-02-01,2022-04-30,36.2,,
F2023Q1,2022-05-01,2022-07-31,44.7,,
F2023Q2,2022-08-01,2022-10-31,40.5,,
F2023Q3,2022-11-01,2023-01-31,40.7,,
F2023Q4,2023-02-01,2023-04-30,34.6,,
F2024Q1,2023-05-01,2023-07-31,41.6,,
F2024Q2,2023-08-01,2023-10-31,42.3,,
F2024Q3,2023-11-01,2024-01-31,37.3,,
F2024Q4,2024-02-01,2024-04-30,36.5,,
F2025Q1,2024-05-01,2024-07-31,40.7,,
F2025Q2,2024-08-01,2024-10-31,40.2,,
F2025Q3,2024-11-01,2025-01-31,36.4,,
F2025Q4,2025-02-01,2025-04-30,37.6,,
F2026Q1,2025-05-01,2025-07-31,41.0,,
F2026Q2,2025-08-01,2025-10-31,41.6,,
F2026Q3,2025-11-01,2026-01-31,41.0,,
F2026Q4,2026-02-01,2026-04-30,46.9,,
