report_date,available_at,state,store_count,reported_total,source_url,raw_sha256
2017-12-31,2018-02-20,Alabama,77,1446,https://www.sec.gov/Archives/edgar/data/1573516/000157351618000010/musa_12312017x10-kxdoc.htm,9d1f79f22afd0726589571329c0264ee712625f037dbdc8180ab7d4314495bd3
2017-12-31,2018-02-20,Arkansas,69,1446,https://www.sec.gov/Archives/edgar/data/1573516/000157351618000010/musa_12312017x10-kxdoc.htm,9d1f79f22afd0726589571329c0264ee712625f037dbdc8180ab7d4314495bd3
2017-12-31,2018-02-20,Colorado,16,1446,https://www.sec.gov/Archives/edgar/data/1573516/000157351618000010/musa_12312017x10-kxdoc.htm,9d1f79f22afd0726589571329c0264ee712625f037dbdc8180ab7d4314495bd3
2017-12-31,2018-02-20,Florida,122,1446,https://www.sec.gov/Archives/edgar/data/1573516/000157351618000010/musa_12312017x10-kxdoc.htm,9d1f79f22afd0726589571329c0264ee712625f037dbdc8180ab7d4314495bd3
2017-12-31,2018-02-20,Georgia,98,1446,https://www.sec.gov/Archives/edgar/data/1573516/000157351618000010/musa_12312017x10-kxdoc.htm,9d1f79f22afd0726589571329c0264ee712625f037dbdc8180ab7d4314495bd3
2017-12-31,2018-02-20,Illinois,41,1446,https://www.sec.gov/Archives/edgar/data/1573516/000157351618000010/musa_12312017x10-kxdoc.htm,9d1f79f22afd0726589571329c0264ee712625f037dbdc8180ab7d4314495bd3
2017-12-31,2018-02-20,Indiana,39,1446,https://www.sec.gov/Archives/edgar/data/1573516/000157351618000010/musa_12312017x10-kxdoc.htm,9d1f79f22afd0726589571329c0264ee712625f037dbdc8180ab7d4314495bd3
2017-12-31,2018-02-20,Iowa,22,1446,https://www.sec.gov/Archives/edgar/data/1573516/000157351618000010/musa_12312017x10-kxdoc.htm,9d1f79f22afd0726589571329c0264ee712625f037dbdc8180ab7d4314495bd3
2017-12-31,2018-02-20,Kansas,7,1446,https://www.sec.gov/Archives/edgar/data/1573516/000157351618000010/musa_12312017x10-kxdoc.htm,9d1f79f22afd0726589571329c0264ee712625f037dbdc8180ab7d4314495bd3
2017-12-31,2018-02-20,Kentucky,48,1446,https://www.sec.gov/Archives/edgar/data/1573516/000157351618000010/musa_12312017x10-kxdoc.htm,9d1f79f22afd0726589571329c0264ee712625f037dbdc8180ab7d4314495bd3
2017-12-31,2018-02-20,Louisiana,76,1446,https://www.sec.gov/Archives/edgar/data/1573516/000157351618000010/musa_12312017x10-kxdoc.htm,9d1f79f22afd0726589571329c0264ee712625f037dbdc8180ab7d4314495bd3
2017-12-31,2018-02-20,Michigan,27,1446,https://www.sec.gov/Archives/edgar/data/1573516/000157351618000010/musa_12312017x10-kxdoc.htm,9d1f79f22afd0726589571329c0264ee712625f037dbdc8180ab7d4314495bd3
2017-12-31,2018-02-20,Minnesota,9,1446,https://www.sec.gov/Archives/edgar/data/1573516/000157351618000010/musa_12312017x10-kxdoc.htm,9d1f79f22afd0726589571329c0264ee712625f037dbdc8180ab7d4314495bd3
2017-12-31,2018-02-20,Mississippi,55,1446,https://www.sec.gov/Archives/edgar/data/1573516/000157351618000010/musa_12312017x10-kxdoc.htm,9d1f79f22afd0726589571329c0264ee712625f037dbdc8180ab7d4314495bd3
2017-12-31,2018-02-20,Missouri,50,1446,https://www.sec.gov/Archives/edgar/data/1573516/000157351618000010/musa_12312017x10-kxdoc.htm,9d1f79f22afd0726589571329c0264ee712625f037dbdc8180ab7d4314495bd3
2017-12-31,2018-02-20,Nebraska,5,1446,https://www.sec.gov/Archives/edgar/data/1573516/000157351618000010/musa_12312017x10-kxdoc.htm,9d1f79f22afd0726589571329c0264ee712625f037dbdc8180ab7d4314495bd3
2017-12-31,2018-02-20,Nevada,4,1446,https://www.sec.gov/Archives/edgar/data/1573516/000157351618000010/musa_12312017x10-kxdoc.htm,9d1f79f22afd0726589571329c0264ee712625f037dbdc8180ab7d4314495bd3
2017-12-31,2018-02-20,New Mexico,12,1446,https://www.sec.gov/Archives/edgar/data/1573516/000157351618000010/musa_12312017x10-kxdoc.htm,9d1f79f22afd0726589571329c0264ee712625f037dbdc8180ab7d4314495bd3
2017-12-31,2018-02-20,North Carolina,89,1446,https://www.sec.gov/Archives/edgar/data/1573516/000157351618000010/musa_12312017x10-kxdoc.htm,9d1f79f22afd0726589571329c0264ee712625f037dbdc8180ab7d4314495bd3
2017-12-31,2018-02-20,Ohio,44,1446,https://www.sec.gov/Archives/edgar/data/1573516/000157351618000010/musa_12312017x10-kxdoc.htm,9d1f79f22afd0726589571329c0264ee712625f037dbdc8180ab7d4314495bd3
2017-12-31,2018-02-20,Oklahoma,54,1446,https://www.sec.gov/Archives/edgar/data/1573516/000157351618000010/musa_12312017x10-kxdoc.htm,9d1f79f22afd0726589571329c0264ee712625f037dbdc8180ab7d4314495bd3
2017-12-31,2018-02-20,South Carolina,58,1446,https://www.sec.gov/Archives/edgar/data/1573516/000157351618000010/musa_12312017x10-kxdoc.htm,9d1f79f22afd0726589571329c0264ee712625f037dbdc8180ab7d4314495bd3
2017-12-31,2018-02-20,Tennessee,92,1446,https://www.sec.gov/Archives/edgar/data/1573516/000157351618000010/musa_12312017x10-kxdoc.htm,9d1f79f22afd0726589571329c0264ee712625f037dbdc8180ab7d4314495bd3
2017-12-31,2018-02-20,Texas,305,1446,https://www.sec.gov/Archives/edgar/data/1573516/000157351618000010/musa_12312017x10-kxdoc.htm,9d1f79f22afd0726589571329c0264ee712625f037dbdc8180ab7d4314495bd3
2017-12-31,2018-02-20,Utah,5,1446,https://www.sec.gov/Archives/edgar/data/1573516/000157351618000010/musa_12312017x10-kxdoc.htm,9d1f79f22afd0726589571329c0264ee712625f037dbdc8180ab7d4314495bd3
2017-12-31,2018-02-20,Virginia,22,1446,https://www.sec.gov/Archives/edgar/data/1573516/000157351618000010/musa_12312017x10-kxdoc.htm,9d1f79f22afd0726589571329c0264ee712625f037dbdc8180ab7d4314495bd3
2018-12-31,2019-02-19,Alabama,81,1472,https://www.sec.gov/Archives/edgar/data/1573516/000157351619000012/musa_12312018x10-kxdoc.htm,bbb9fdba0344ccc368452c36f789224b362aa2693160b7990217429082e37678
2018-12-31,2019-02-19,Arkansas,69,1472,https://www.sec.gov/Archives/edgar/data/1573516/000157351619000012/musa_12312018x10-kxdoc.htm,bbb9fdba0344ccc368452c36f789224b362aa2693160b7990217429082e37678
2018-12-31,2019-02-19,Colorado,20,1472,https://www.sec.gov/Archives/edgar/data/1573516/000157351619000012/musa_12312018x10-kxdoc.htm,bbb9fdba0344ccc368452c36f789224b362aa2693160b7990217429082e37678
2018-12-31,2019-02-19,Florida,125,1472,https://www.sec.gov/Archives/edgar/data/1573516/000157351619000012/musa_12312018x10-kxdoc.htm,bbb9fdba0344ccc368452c36f789224b362aa2693160b7990217429082e37678
2018-12-31,2019-02-19,Georgia,99,1472,https://www.sec.gov/Archives/edgar/data/1573516/000157351619000012/musa_12312018x10-kxdoc.htm,bbb9fdba0344ccc368452c36f789224b362aa2693160b7990217429082e37678
2018-12-31,2019-02-19,Illinois,43,1472,https://www.sec.gov/Archives/edgar/data/1573516/000157351619000012/musa_12312018x10-kxdoc.htm,bbb9fdba0344ccc368452c36f789224b362aa2693160b7990217429082e37678
2018-12-31,2019-02-19,Indiana,39,1472,https://www.sec.gov/Archives/edgar/data/1573516/000157351619000012/musa_12312018x10-kxdoc.htm,bbb9fdba0344ccc368452c36f789224b362aa2693160b7990217429082e37678
2018-12-31,2019-02-19,Iowa,22,1472,https://www.sec.gov/Archives/edgar/data/1573516/000157351619000012/musa_12312018x10-kxdoc.htm,bbb9fdba0344ccc368452c36f789224b362aa2693160b7990217429082e37678
2018-12-31,2019-02-19,Kansas,7,1472,https://www.sec.gov/Archives/edgar/data/1573516/000157351619000012/musa_12312018x10-kxdoc.htm,bbb9fdba0344ccc368452c36f789224b362aa2693160b7990217429082e37678
2018-12-31,2019-02-19,Kentucky,48,1472,https://www.sec.gov/Archives/edgar/data/1573516/000157351619000012/musa_12312018x10-kxdoc.htm,bbb9fdba0344ccc368452c36f789224b362aa2693160b7990217429082e37678
2018-12-31,2019-02-19,Louisiana,78,1472,https://www.sec.gov/Archives/edgar/data/1573516/000157351619000012/musa_12312018x10-kxdoc.htm,bbb9fdba0344ccc368452c36f789224b362aa2693160b7990217429082e37678
2018-12-31,2019-02-19,Michigan,27,1472,https://www.sec.gov/Archives/edgar/data/1573516/000157351619000012/musa_12312018x10-kxdoc.htm,bbb9fdba0344ccc368452c36f789224b362aa2693160b7990217429082e37678
2018-12-31,2019-02-19,Minnesota,9,1472,https://www.sec.gov/Archives/edgar/data/1573516/000157351619000012/musa_12312018x10-kxdoc.htm,bbb9fdba0344ccc368452c36f789224b362aa2693160b7990217429082e37678
2018-12-31,2019-02-19,Mississippi,55,1472,https://www.sec.gov/Archives/edgar/data/1573516/000157351619000012/musa_12312018x10-kxdoc.htm,bbb9fdba0344ccc368452c36f789224b362aa2693160b7990217429082e37678
2018-12-31,2019-02-19,Missouri,50,1472,https://www.sec.gov/Archives/edgar/data/1573516/000157351619000012/musa_12312018x10-kxdoc.htm,bbb9fdba0344ccc368452c36f789224b362aa2693160b7990217429082e37678
2018-12-31,2019-02-19,Nebraska,5,1472,https://www.sec.gov/Archives/edgar/data/1573516/000157351619000012/musa_12312018x10-kxdoc.htm,bbb9fdba0344ccc368452c36f789224b362aa2693160b7990217429082e37678
2018-12-31,2019-02-19,Nevada,4,1472,https://www.sec.gov/Archives/edgar/data/1573516/000157351619000012/musa_12312018x10-kxdoc.htm,bbb9fdba0344ccc368452c36f789224b362aa2693160b7990217429082e37678
2018-12-31,2019-02-19,New Mexico,13,1472,https://www.sec.gov/Archives/edgar/data/1573516/000157351619000012/musa_12312018x10-kxdoc.htm,bbb9fdba0344ccc368452c36f789224b362aa2693160b7990217429082e37678
2018-12-31,2019-02-19,North Carolina,89,1472,https://www.sec.gov/Archives/edgar/data/1573516/000157351619000012/musa_12312018x10-kxdoc.htm,bbb9fdba0344ccc368452c36f789224b362aa2693160b7990217429082e37678
2018-12-31,2019-02-19,Ohio,44,1472,https://www.sec.gov/Archives/edgar/data/1573516/000157351619000012/musa_12312018x10-kxdoc.htm,bbb9fdba0344ccc368452c36f789224b362aa2693160b7990217429082e37678
2018-12-31,2019-02-19,Oklahoma,55,1472,https://www.sec.gov/Archives/edgar/data/1573516/000157351619000012/musa_12312018x10-kxdoc.htm,bbb9fdba0344ccc368452c36f789224b362aa2693160b7990217429082e37678
2018-12-31,2019-02-19,South Carolina,58,1472,https://www.sec.gov/Archives/edgar/data/1573516/000157351619000012/musa_12312018x10-kxdoc.htm,bbb9fdba0344ccc368452c36f789224b362aa2693160b7990217429082e37678
2018-12-31,2019-02-19,Tennessee,93,1472,https://www.sec.gov/Archives/edgar/data/1573516/000157351619000012/musa_12312018x10-kxdoc.htm,bbb9fdba0344ccc368452c36f789224b362aa2693160b7990217429082e37678
2018-12-31,2019-02-19,Texas,312,1472,https://www.sec.gov/Archives/edgar/data/1573516/000157351619000012/musa_12312018x10-kxdoc.htm,bbb9fdba0344ccc368452c36f789224b362aa2693160b7990217429082e37678
2018-12-31,2019-02-19,Utah,5,1472,https://www.sec.gov/Archives/edgar/data/1573516/000157351619000012/musa_12312018x10-kxdoc.htm,bbb9fdba0344ccc368452c36f789224b362aa2693160b7990217429082e37678
2018-12-31,2019-02-19,Virginia,22,1472,https://www.sec.gov/Archives/edgar/data/1573516/000157351619000012/musa_12312018x10-kxdoc.htm,bbb9fdba0344ccc368452c36f789224b362aa2693160b7990217429082e37678
2019-12-31,2020-02-18,Alabama,81,1489,https://www.sec.gov/Archives/edgar/data/1573516/000157351620000007/musa1231201910-kdoc.htm,7954e6944e6173931c874b523351f9a13e15cb40e626d5786ca00137655f1af7
2019-12-31,2020-02-18,Arkansas,69,1489,https://www.sec.gov/Archives/edgar/data/1573516/000157351620000007/musa1231201910-kdoc.htm,7954e6944e6173931c874b523351f9a13e15cb40e626d5786ca00137655f1af7
2019-12-31,2020-02-18,Colorado,22,1489,https://www.sec.gov/Archives/edgar/data/1573516/000157351620000007/musa1231201910-kdoc.htm,7954e6944e6173931c874b523351f9a13e15cb40e626d5786ca00137655f1af7
2019-12-31,2020-02-18,Florida,128,1489,https://www.sec.gov/Archives/edgar/data/1573516/000157351620000007/musa1231201910-kdoc.htm,7954e6944e6173931c874b523351f9a13e15cb40e626d5786ca00137655f1af7
2019-12-31,2020-02-18,Georgia,99,1489,https://www.sec.gov/Archives/edgar/data/1573516/000157351620000007/musa1231201910-kdoc.htm,7954e6944e6173931c874b523351f9a13e15cb40e626d5786ca00137655f1af7
2019-12-31,2020-02-18,Illinois,44,1489,https://www.sec.gov/Archives/edgar/data/1573516/000157351620000007/musa1231201910-kdoc.htm,7954e6944e6173931c874b523351f9a13e15cb40e626d5786ca00137655f1af7
2019-12-31,2020-02-18,Indiana,39,1489,https://www.sec.gov/Archives/edgar/data/1573516/000157351620000007/musa1231201910-kdoc.htm,7954e6944e6173931c874b523351f9a13e15cb40e626d5786ca00137655f1af7
2019-12-31,2020-02-18,Iowa,22,1489,https://www.sec.gov/Archives/edgar/data/1573516/000157351620000007/musa1231201910-kdoc.htm,7954e6944e6173931c874b523351f9a13e15cb40e626d5786ca00137655f1af7
2019-12-31,2020-02-18,Kansas,7,1489,https://www.sec.gov/Archives/edgar/data/1573516/000157351620000007/musa1231201910-kdoc.htm,7954e6944e6173931c874b523351f9a13e15cb40e626d5786ca00137655f1af7
2019-12-31,2020-02-18,Kentucky,48,1489,https://www.sec.gov/Archives/edgar/data/1573516/000157351620000007/musa1231201910-kdoc.htm,7954e6944e6173931c874b523351f9a13e15cb40e626d5786ca00137655f1af7
2019-12-31,2020-02-18,Louisiana,79,1489,https://www.sec.gov/Archives/edgar/data/1573516/000157351620000007/musa1231201910-kdoc.htm,7954e6944e6173931c874b523351f9a13e15cb40e626d5786ca00137655f1af7
2019-12-31,2020-02-18,Michigan,27,1489,https://www.sec.gov/Archives/edgar/data/1573516/000157351620000007/musa1231201910-kdoc.htm,7954e6944e6173931c874b523351f9a13e15cb40e626d5786ca00137655f1af7
2019-12-31,2020-02-18,Minnesota,9,1489,https://www.sec.gov/Archives/edgar/data/1573516/000157351620000007/musa1231201910-kdoc.htm,7954e6944e6173931c874b523351f9a13e15cb40e626d5786ca00137655f1af7
2019-12-31,2020-02-18,Mississippi,55,1489,https://www.sec.gov/Archives/edgar/data/1573516/000157351620000007/musa1231201910-kdoc.htm,7954e6944e6173931c874b523351f9a13e15cb40e626d5786ca00137655f1af7
2019-12-31,2020-02-18,Missouri,50,1489,https://www.sec.gov/Archives/edgar/data/1573516/000157351620000007/musa1231201910-kdoc.htm,7954e6944e6173931c874b523351f9a13e15cb40e626d5786ca00137655f1af7
2019-12-31,2020-02-18,Nebraska,5,1489,https://www.sec.gov/Archives/edgar/data/1573516/000157351620000007/musa1231201910-kdoc.htm,7954e6944e6173931c874b523351f9a13e15cb40e626d5786ca00137655f1af7
2019-12-31,2020-02-18,Nevada,4,1489,https://www.sec.gov/Archives/edgar/data/1573516/000157351620000007/musa1231201910-kdoc.htm,7954e6944e6173931c874b523351f9a13e15cb40e626d5786ca00137655f1af7
2019-12-31,2020-02-18,New Mexico,17,1489,https://www.sec.gov/Archives/edgar/data/1573516/000157351620000007/musa1231201910-kdoc.htm,7954e6944e6173931c874b523351f9a13e15cb40e626d5786ca00137655f1af7
2019-12-31,2020-02-18,North Carolina,89,1489,https://www.sec.gov/Archives/edgar/data/1573516/000157351620000007/musa1231201910-kdoc.htm,7954e6944e6173931c874b523351f9a13e15cb40e626d5786ca00137655f1af7
2019-12-31,2020-02-18,Ohio,44,1489,https://www.sec.gov/Archives/edgar/data/1573516/000157351620000007/musa1231201910-kdoc.htm,7954e6944e6173931c874b523351f9a13e15cb40e626d5786ca00137655f1af7
2019-12-31,2020-02-18,Oklahoma,55,1489,https://www.sec.gov/Archives/edgar/data/1573516/000157351620000007/musa1231201910-kdoc.htm,7954e6944e6173931c874b523351f9a13e15cb40e626d5786ca00137655f1af7
2019-12-31,2020-02-18,South Carolina,60,1489,https://www.sec.gov/Archives/edgar/data/1573516/000157351620000007/musa1231201910-kdoc.htm,7954e6944e6173931c874b523351f9a13e15cb40e626d5786ca00137655f1af7
2019-12-31,2020-02-18,Tennessee,93,1489,https://www.sec.gov/Archives/edgar/data/1573516/000157351620000007/musa1231201910-kdoc.htm,7954e6944e6173931c874b523351f9a13e15cb40e626d5786ca00137655f1af7
2019-12-31,2020-02-18,Texas,315,1489,https://www.sec.gov/Archives/edgar/data/1573516/000157351620000007/musa1231201910-kdoc.htm,7954e6944e6173931c874b523351f9a13e15cb40e626d5786ca00137655f1af7
2019-12-31,2020-02-18,Utah,5,1489,https://www.sec.gov/Archives/edgar/data/1573516/000157351620000007/musa1231201910-kdoc.htm,7954e6944e6173931c874b523351f9a13e15cb40e626d5786ca00137655f1af7
2019-12-31,2020-02-18,Virginia,23,1489,https://www.sec.gov/Archives/edgar/data/1573516/000157351620000007/musa1231201910-kdoc.htm,7954e6944e6173931c874b523351f9a13e15cb40e626d5786ca00137655f1af7
2020-12-31,2021-02-19,Alabama,81,1503,https://www.sec.gov/Archives/edgar/data/1573516/000157351621000017/musa-20201231.htm,e9f7e29cd7f46c78724cabaa4d6648e6077e22ae7fb008a845428c3e3ec92c03
2020-12-31,2021-02-19,Arkansas,69,1503,https://www.sec.gov/Archives/edgar/data/1573516/000157351621000017/musa-20201231.htm,e9f7e29cd7f46c78724cabaa4d6648e6077e22ae7fb008a845428c3e3ec92c03
2020-12-31,2021-02-19,Colorado,25,1503,https://www.sec.gov/Archives/edgar/data/1573516/000157351621000017/musa-20201231.htm,e9f7e29cd7f46c78724cabaa4d6648e6077e22ae7fb008a845428c3e3ec92c03
2020-12-31,2021-02-19,Florida,131,1503,https://www.sec.gov/Archives/edgar/data/1573516/000157351621000017/musa-20201231.htm,e9f7e29cd7f46c78724cabaa4d6648e6077e22ae7fb008a845428c3e3ec92c03
2020-12-31,2021-02-19,Georgia,99,1503,https://www.sec.gov/Archives/edgar/data/1573516/000157351621000017/musa-20201231.htm,e9f7e29cd7f46c78724cabaa4d6648e6077e22ae7fb008a845428c3e3ec92c03
2020-12-31,2021-02-19,Illinois,43,1503,https://www.sec.gov/Archives/edgar/data/1573516/000157351621000017/musa-20201231.htm,e9f7e29cd7f46c78724cabaa4d6648e6077e22ae7fb008a845428c3e3ec92c03
2020-12-31,2021-02-19,Indiana,39,1503,https://www.sec.gov/Archives/edgar/data/1573516/000157351621000017/musa-20201231.htm,e9f7e29cd7f46c78724cabaa4d6648e6077e22ae7fb008a845428c3e3ec92c03
2020-12-31,2021-02-19,Iowa,22,1503,https://www.sec.gov/Archives/edgar/data/1573516/000157351621000017/musa-20201231.htm,e9f7e29cd7f46c78724cabaa4d6648e6077e22ae7fb008a845428c3e3ec92c03
2020-12-31,2021-02-19,Kansas,7,1503,https://www.sec.gov/Archives/edgar/data/1573516/000157351621000017/musa-20201231.htm,e9f7e29cd7f46c78724cabaa4d6648e6077e22ae7fb008a845428c3e3ec92c03
2020-12-31,2021-02-19,Kentucky,48,1503,https://www.sec.gov/Archives/edgar/data/1573516/000157351621000017/musa-20201231.htm,e9f7e29cd7f46c78724cabaa4d6648e6077e22ae7fb008a845428c3e3ec92c03
2020-12-31,2021-02-19,Louisiana,79,1503,https://www.sec.gov/Archives/edgar/data/1573516/000157351621000017/musa-20201231.htm,e9f7e29cd7f46c78724cabaa4d6648e6077e22ae7fb008a845428c3e3ec92c03
2020-12-31,2021-02-19,Michigan,27,1503,https://www.sec.gov/Archives/edgar/data/1573516/000157351621000017/musa-20201231.htm,e9f7e29cd7f46c78724cabaa4d6648e6077e22ae7fb008a845428c3e3ec92c03
2020-12-31,2021-02-19,Mississippi,55,1503,https://www.sec.gov/Archives/edgar/data/1573516/000157351621000017/musa-20201231.htm,e9f7e29cd7f46c78724cabaa4d6648e6077e22ae7fb008a845428c3e3ec92c03
2020-12-31,2021-02-19,Missouri,50,1503,https://www.sec.gov/Archives/edgar/data/1573516/000157351621000017/musa-20201231.htm,e9f7e29cd7f46c78724cabaa4d6648e6077e22ae7fb008a845428c3e3ec92c03
2020-12-31,2021-02-19,Nebraska,5,1503,https://www.sec.gov/Archives/edgar/data/1573516/000157351621000017/musa-20201231.htm,e9f7e29cd7f46c78724cabaa4d6648e6077e22ae7fb008a845428c3e3ec92c03
2020-12-31,2021-02-19,Nevada,4,1503,https://www.sec.gov/Archives/edgar/data/1573516/000157351621000017/musa-20201231.htm,e9f7e29cd7f46c78724cabaa4d6648e6077e22ae7fb008a845428c3e3ec92c03
2020-12-31,2021-02-19,New Mexico,19,1503,https://www.sec.gov/Archives/edgar/data/1573516/000157351621000017/musa-20201231.htm,e9f7e29cd7f46c78724cabaa4d6648e6077e22ae7fb008a845428c3e3ec92c03
2020-12-31,2021-02-19,North Carolina,90,1503,https://www.sec.gov/Archives/edgar/data/1573516/000157351621000017/musa-20201231.htm,e9f7e29cd7f46c78724cabaa4d6648e6077e22ae7fb008a845428c3e3ec92c03
2020-12-31,2021-02-19,Ohio,44,1503,https://www.sec.gov/Archives/edgar/data/1573516/000157351621000017/musa-20201231.htm,e9f7e29cd7f46c78724cabaa4d6648e6077e22ae7fb008a845428c3e3ec92c03
2020-12-31,2021-02-19,Oklahoma,55,1503,https://www.sec.gov/Archives/edgar/data/1573516/000157351621000017/musa-20201231.htm,e9f7e29cd7f46c78724cabaa4d6648e6077e22ae7fb008a845428c3e3ec92c03
2020-12-31,2021-02-19,South Carolina,63,1503,https://www.sec.gov/Archives/edgar/data/1573516/000157351621000017/musa-20201231.htm,e9f7e29cd7f46c78724cabaa4d6648e6077e22ae7fb008a845428c3e3ec92c03
2020-12-31,2021-02-19,Tennessee,93,1503,https://www.sec.gov/Archives/edgar/data/1573516/000157351621000017/musa-20201231.htm,e9f7e29cd7f46c78724cabaa4d6648e6077e22ae7fb008a845428c3e3ec92c03
2020-12-31,2021-02-19,Texas,327,1503,https://www.sec.gov/Archives/edgar/data/1573516/000157351621000017/musa-20201231.htm,e9f7e29cd7f46c78724cabaa4d6648e6077e22ae7fb008a845428c3e3ec92c03
2020-12-31,2021-02-19,Utah,5,1503,https://www.sec.gov/Archives/edgar/data/1573516/000157351621000017/musa-20201231.htm,e9f7e29cd7f46c78724cabaa4d6648e6077e22ae7fb008a845428c3e3ec92c03
2020-12-31,2021-02-19,Virginia,23,1503,https://www.sec.gov/Archives/edgar/data/1573516/000157351621000017/musa-20201231.htm,e9f7e29cd7f46c78724cabaa4d6648e6077e22ae7fb008a845428c3e3ec92c03
2021-12-31,2022-02-17,Alabama,81,1679,https://www.sec.gov/Archives/edgar/data/1573516/000157351622000006/musa-20211231.htm,6e96dd38c4254f5c6a4345e9520546b638856d20d69216373a8ef3f6dedf821a
2021-12-31,2022-02-17,Arkansas,69,1679,https://www.sec.gov/Archives/edgar/data/1573516/000157351622000006/musa-20211231.htm,6e96dd38c4254f5c6a4345e9520546b638856d20d69216373a8ef3f6dedf821a
2021-12-31,2022-02-17,Colorado,27,1679,https://www.sec.gov/Archives/edgar/data/1573516/000157351622000006/musa-20211231.htm,6e96dd38c4254f5c6a4345e9520546b638856d20d69216373a8ef3f6dedf821a
2021-12-31,2022-02-17,Florida,134,1679,https://www.sec.gov/Archives/edgar/data/1573516/000157351622000006/musa-20211231.htm,6e96dd38c4254f5c6a4345e9520546b638856d20d69216373a8ef3f6dedf821a
2021-12-31,2022-02-17,Georgia,99,1679,https://www.sec.gov/Archives/edgar/data/1573516/000157351622000006/musa-20211231.htm,6e96dd38c4254f5c6a4345e9520546b638856d20d69216373a8ef3f6dedf821a
2021-12-31,2022-02-17,Illinois,43,1679,https://www.sec.gov/Archives/edgar/data/1573516/000157351622000006/musa-20211231.htm,6e96dd38c4254f5c6a4345e9520546b638856d20d69216373a8ef3f6dedf821a
2021-12-31,2022-02-17,Indiana,39,1679,https://www.sec.gov/Archives/edgar/data/1573516/000157351622000006/musa-20211231.htm,6e96dd38c4254f5c6a4345e9520546b638856d20d69216373a8ef3f6dedf821a
2021-12-31,2022-02-17,Iowa,22,1679,https://www.sec.gov/Archives/edgar/data/1573516/000157351622000006/musa-20211231.htm,6e96dd38c4254f5c6a4345e9520546b638856d20d69216373a8ef3f6dedf821a
2021-12-31,2022-02-17,Kansas,7,1679,https://www.sec.gov/Archives/edgar/data/1573516/000157351622000006/musa-20211231.htm,6e96dd38c4254f5c6a4345e9520546b638856d20d69216373a8ef3f6dedf821a
2021-12-31,2022-02-17,Kentucky,48,1679,https://www.sec.gov/Archives/edgar/data/1573516/000157351622000006/musa-20211231.htm,6e96dd38c4254f5c6a4345e9520546b638856d20d69216373a8ef3f6dedf821a
2021-12-31,2022-02-17,Louisiana,80,1679,https://www.sec.gov/Archives/edgar/data/1573516/000157351622000006/musa-20211231.htm,6e96dd38c4254f5c6a4345e9520546b638856d20d69216373a8ef3f6dedf821a
2021-12-31,2022-02-17,Michigan,27,1679,https://www.sec.gov/Archives/edgar/data/1573516/000157351622000006/musa-20211231.htm,6e96dd38c4254f5c6a4345e9520546b638856d20d69216373a8ef3f6dedf821a
2021-12-31,2022-02-17,Mississippi,55,1679,https://www.sec.gov/Archives/edgar/data/1573516/000157351622000006/musa-20211231.htm,6e96dd38c4254f5c6a4345e9520546b638856d20d69216373a8ef3f6dedf821a
2021-12-31,2022-02-17,Missouri,50,1679,https://www.sec.gov/Archives/edgar/data/1573516/000157351622000006/musa-20211231.htm,6e96dd38c4254f5c6a4345e9520546b638856d20d69216373a8ef3f6dedf821a
2021-12-31,2022-02-17,Nebraska,5,1679,https://www.sec.gov/Archives/edgar/data/1573516/000157351622000006/musa-20211231.htm,6e96dd38c4254f5c6a4345e9520546b638856d20d69216373a8ef3f6dedf821a
2021-12-31,2022-02-17,Nevada,4,1679,https://www.sec.gov/Archives/edgar/data/1573516/000157351622000006/musa-20211231.htm,6e96dd38c4254f5c6a4345e9520546b638856d20d69216373a8ef3f6dedf821a
2021-12-31,2022-02-17,New Jersey,139,1679,https://www.sec.gov/Archives/edgar/data/1573516/000157351622000006/musa-20211231.htm,6e96dd38c4254f5c6a4345e9520546b638856d20d69216373a8ef3f6dedf821a
2021-12-31,2022-02-17,New Mexico,21,1679,https://www.sec.gov/Archives/edgar/data/1573516/000157351622000006/musa-20211231.htm,6e96dd38c4254f5c6a4345e9520546b638856d20d69216373a8ef3f6dedf821a
2021-12-31,2022-02-17,New York,19,1679,https://www.sec.gov/Archives/edgar/data/1573516/000157351622000006/musa-20211231.htm,6e96dd38c4254f5c6a4345e9520546b638856d20d69216373a8ef3f6dedf821a
2021-12-31,2022-02-17,North Carolina,90,1679,https://www.sec.gov/Archives/edgar/data/1573516/000157351622000006/musa-20211231.htm,6e96dd38c4254f5c6a4345e9520546b638856d20d69216373a8ef3f6dedf821a
2021-12-31,2022-02-17,Ohio,44,1679,https://www.sec.gov/Archives/edgar/data/1573516/000157351622000006/musa-20211231.htm,6e96dd38c4254f5c6a4345e9520546b638856d20d69216373a8ef3f6dedf821a
2021-12-31,2022-02-17,Oklahoma,55,1679,https://www.sec.gov/Archives/edgar/data/1573516/000157351622000006/musa-20211231.htm,6e96dd38c4254f5c6a4345e9520546b638856d20d69216373a8ef3f6dedf821a
2021-12-31,2022-02-17,South Carolina,67,1679,https://www.sec.gov/Archives/edgar/data/1573516/000157351622000006/musa-20211231.htm,6e96dd38c4254f5c6a4345e9520546b638856d20d69216373a8ef3f6dedf821a
2021-12-31,2022-02-17,Tennessee,93,1679,https://www.sec.gov/Archives/edgar/data/1573516/000157351622000006/musa-20211231.htm,6e96dd38c4254f5c6a4345e9520546b638856d20d69216373a8ef3f6dedf821a
2021-12-31,2022-02-17,Texas,333,1679,https://www.sec.gov/Archives/edgar/data/1573516/000157351622000006/musa-20211231.htm,6e96dd38c4254f5c6a4345e9520546b638856d20d69216373a8ef3f6dedf821a
2021-12-31,2022-02-17,Utah,5,1679,https://www.sec.gov/Archives/edgar/data/1573516/000157351622000006/musa-20211231.htm,6e96dd38c4254f5c6a4345e9520546b638856d20d69216373a8ef3f6dedf821a
2021-12-31,2022-02-17,Virginia,23,1679,https://www.sec.gov/Archives/edgar/data/1573516/000157351622000006/musa-20211231.htm,6e96dd38c4254f5c6a4345e9520546b638856d20d69216373a8ef3f6dedf821a
2022-12-31,2023-02-15,Alabama,81,1712,https://www.sec.gov/Archives/edgar/data/1573516/000157351623000011/musa-20221231.htm,54111658ca92d1f01cbb43dadf19311c5136e1766d5a044bc75a64f5aa2ee547
2022-12-31,2023-02-15,Arkansas,69,1712,https://www.sec.gov/Archives/edgar/data/1573516/000157351623000011/musa-20221231.htm,54111658ca92d1f01cbb43dadf19311c5136e1766d5a044bc75a64f5aa2ee547
2022-12-31,2023-02-15,Colorado,33,1712,https://www.sec.gov/Archives/edgar/data/1573516/000157351623000011/musa-20221231.htm,54111658ca92d1f01cbb43dadf19311c5136e1766d5a044bc75a64f5aa2ee547
2022-12-31,2023-02-15,Florida,137,1712,https://www.sec.gov/Archives/edgar/data/1573516/000157351623000011/musa-20221231.htm,54111658ca92d1f01cbb43dadf19311c5136e1766d5a044bc75a64f5aa2ee547
2022-12-31,2023-02-15,Georgia,99,1712,https://www.sec.gov/Archives/edgar/data/1573516/000157351623000011/musa-20221231.htm,54111658ca92d1f01cbb43dadf19311c5136e1766d5a044bc75a64f5aa2ee547
2022-12-31,2023-02-15,Illinois,43,1712,https://www.sec.gov/Archives/edgar/data/1573516/000157351623000011/musa-20221231.htm,54111658ca92d1f01cbb43dadf19311c5136e1766d5a044bc75a64f5aa2ee547
2022-12-31,2023-02-15,Indiana,39,1712,https://www.sec.gov/Archives/edgar/data/1573516/000157351623000011/musa-20221231.htm,54111658ca92d1f01cbb43dadf19311c5136e1766d5a044bc75a64f5aa2ee547
2022-12-31,2023-02-15,Iowa,22,1712,https://www.sec.gov/Archives/edgar/data/1573516/000157351623000011/musa-20221231.htm,54111658ca92d1f01cbb43dadf19311c5136e1766d5a044bc75a64f5aa2ee547
2022-12-31,2023-02-15,Kansas,7,1712,https://www.sec.gov/Archives/edgar/data/1573516/000157351623000011/musa-20221231.htm,54111658ca92d1f01cbb43dadf19311c5136e1766d5a044bc75a64f5aa2ee547
2022-12-31,2023-02-15,Kentucky,48,1712,https://www.sec.gov/Archives/edgar/data/1573516/000157351623000011/musa-20221231.htm,54111658ca92d1f01cbb43dadf19311c5136e1766d5a044bc75a64f5aa2ee547
2022-12-31,2023-02-15,Louisiana,80,1712,https://www.sec.gov/Archives/edgar/data/1573516/000157351623000011/musa-20221231.htm,54111658ca92d1f01cbb43dadf19311c5136e1766d5a044bc75a64f5aa2ee547
2022-12-31,2023-02-15,Michigan,27,1712,https://www.sec.gov/Archives/edgar/data/1573516/000157351623000011/musa-20221231.htm,54111658ca92d1f01cbb43dadf19311c5136e1766d5a044bc75a64f5aa2ee547
2022-12-31,2023-02-15,Mississippi,55,1712,https://www.sec.gov/Archives/edgar/data/1573516/000157351623000011/musa-20221231.htm,54111658ca92d1f01cbb43dadf19311c5136e1766d5a044bc75a64f5aa2ee547
2022-12-31,2023-02-15,Missouri,50,1712,https://www.sec.gov/Archives/edgar/data/1573516/000157351623000011/musa-20221231.htm,54111658ca92d1f01cbb43dadf19311c5136e1766d5a044bc75a64f5aa2ee547
2022-12-31,2023-02-15,Nebraska,5,1712,https://www.sec.gov/Archives/edgar/data/1573516/000157351623000011/musa-20221231.htm,54111658ca92d1f01cbb43dadf19311c5136e1766d5a044bc75a64f5aa2ee547
2022-12-31,2023-02-15,Nevada,4,1712,https://www.sec.gov/Archives/edgar/data/1573516/000157351623000011/musa-20221231.htm,54111658ca92d1f01cbb43dadf19311c5136e1766d5a044bc75a64f5aa2ee547
2022-12-31,2023-02-15,New Jersey,138,1712,https://www.sec.gov/Archives/edgar/data/1573516/000157351623000011/musa-20221231.htm,54111658ca92d1f01cbb43dadf19311c5136e1766d5a044bc75a64f5aa2ee547
2022-12-31,2023-02-15,New Mexico,21,1712,https://www.sec.gov/Archives/edgar/data/1573516/000157351623000011/musa-20221231.htm,54111658ca92d1f01cbb43dadf19311c5136e1766d5a044bc75a64f5aa2ee547
2022-12-31,2023-02-15,New York,19,1712,https://www.sec.gov/Archives/edgar/data/1573516/000157351623000011/musa-20221231.htm,54111658ca92d1f01cbb43dadf19311c5136e1766d5a044bc75a64f5aa2ee547
2022-12-31,2023-02-15,North Carolina,91,1712,https://www.sec.gov/Archives/edgar/data/1573516/000157351623000011/musa-20221231.htm,54111658ca92d1f01cbb43dadf19311c5136e1766d5a044bc75a64f5aa2ee547
2022-12-31,2023-02-15,Ohio,44,1712,https://www.sec.gov/Archives/edgar/data/1573516/000157351623000011/musa-20221231.htm,54111658ca92d1f01cbb43dadf19311c5136e1766d5a044bc75a64f5aa2ee547
2022-12-31,2023-02-15,Oklahoma,55,1712,https://www.sec.gov/Archives/edgar/data/1573516/000157351623000011/musa-20221231.htm,54111658ca92d1f01cbb43dadf19311c5136e1766d5a044bc75a64f5aa2ee547
2022-12-31,2023-02-15,South Carolina,70,1712,https://www.sec.gov/Archives/edgar/data/1573516/000157351623000011/musa-20221231.htm,54111658ca92d1f01cbb43dadf19311c5136e1766d5a044bc75a64f5aa2ee547
2022-12-31,2023-02-15,Tennessee,93,1712,https://www.sec.gov/Archives/edgar/data/1573516/000157351623000011/musa-20221231.htm,54111658ca92d1f01cbb43dadf19311c5136e1766d5a044bc75a64f5aa2ee547
2022-12-31,2023-02-15,Texas,354,1712,https://www.sec.gov/Archives/edgar/data/1573516/000157351623000011/musa-20221231.htm,54111658ca92d1f01cbb43dadf19311c5136e1766d5a044bc75a64f5aa2ee547
2022-12-31,2023-02-15,Utah,5,1712,https://www.sec.gov/Archives/edgar/data/1573516/000157351623000011/musa-20221231.htm,54111658ca92d1f01cbb43dadf19311c5136e1766d5a044bc75a64f5aa2ee547
2022-12-31,2023-02-15,Virginia,23,1712,https://www.sec.gov/Archives/edgar/data/1573516/000157351623000011/musa-20221231.htm,54111658ca92d1f01cbb43dadf19311c5136e1766d5a044bc75a64f5aa2ee547
2023-12-31,2024-02-16,Alabama,81,1733,https://www.sec.gov/Archives/edgar/data/1573516/000157351624000007/musa-20231231.htm,147a05159796c18d2a7ddf49a5f1e49c525453bc7536bd37d56ab3680e9b3e95
2023-12-31,2024-02-16,Arkansas,69,1733,https://www.sec.gov/Archives/edgar/data/1573516/000157351624000007/musa-20231231.htm,147a05159796c18d2a7ddf49a5f1e49c525453bc7536bd37d56ab3680e9b3e95
2023-12-31,2024-02-16,Colorado,37,1733,https://www.sec.gov/Archives/edgar/data/1573516/000157351624000007/musa-20231231.htm,147a05159796c18d2a7ddf49a5f1e49c525453bc7536bd37d56ab3680e9b3e95
2023-12-31,2024-02-16,Florida,142,1733,https://www.sec.gov/Archives/edgar/data/1573516/000157351624000007/musa-20231231.htm,147a05159796c18d2a7ddf49a5f1e49c525453bc7536bd37d56ab3680e9b3e95
2023-12-31,2024-02-16,Georgia,99,1733,https://www.sec.gov/Archives/edgar/data/1573516/000157351624000007/musa-20231231.htm,147a05159796c18d2a7ddf49a5f1e49c525453bc7536bd37d56ab3680e9b3e95
2023-12-31,2024-02-16,Illinois,43,1733,https://www.sec.gov/Archives/edgar/data/1573516/000157351624000007/musa-20231231.htm,147a05159796c18d2a7ddf49a5f1e49c525453bc7536bd37d56ab3680e9b3e95
2023-12-31,2024-02-16,Indiana,39,1733,https://www.sec.gov/Archives/edgar/data/1573516/000157351624000007/musa-20231231.htm,147a05159796c18d2a7ddf49a5f1e49c525453bc7536bd37d56ab3680e9b3e95
2023-12-31,2024-02-16,Iowa,22,1733,https://www.sec.gov/Archives/edgar/data/1573516/000157351624000007/musa-20231231.htm,147a05159796c18d2a7ddf49a5f1e49c525453bc7536bd37d56ab3680e9b3e95
2023-12-31,2024-02-16,Kansas,7,1733,https://www.sec.gov/Archives/edgar/data/1573516/000157351624000007/musa-20231231.htm,147a05159796c18d2a7ddf49a5f1e49c525453bc7536bd37d56ab3680e9b3e95
2023-12-31,2024-02-16,Kentucky,48,1733,https://www.sec.gov/Archives/edgar/data/1573516/000157351624000007/musa-20231231.htm,147a05159796c18d2a7ddf49a5f1e49c525453bc7536bd37d56ab3680e9b3e95
2023-12-31,2024-02-16,Louisiana,80,1733,https://www.sec.gov/Archives/edgar/data/1573516/000157351624000007/musa-20231231.htm,147a05159796c18d2a7ddf49a5f1e49c525453bc7536bd37d56ab3680e9b3e95
2023-12-31,2024-02-16,Michigan,27,1733,https://www.sec.gov/Archives/edgar/data/1573516/000157351624000007/musa-20231231.htm,147a05159796c18d2a7ddf49a5f1e49c525453bc7536bd37d56ab3680e9b3e95
2023-12-31,2024-02-16,Mississippi,55,1733,https://www.sec.gov/Archives/edgar/data/1573516/000157351624000007/musa-20231231.htm,147a05159796c18d2a7ddf49a5f1e49c525453bc7536bd37d56ab3680e9b3e95
2023-12-31,2024-02-16,Missouri,50,1733,https://www.sec.gov/Archives/edgar/data/1573516/000157351624000007/musa-20231231.htm,147a05159796c18d2a7ddf49a5f1e49c525453bc7536bd37d56ab3680e9b3e95
2023-12-31,2024-02-16,Nebraska,5,1733,https://www.sec.gov/Archives/edgar/data/1573516/000157351624000007/musa-20231231.htm,147a05159796c18d2a7ddf49a5f1e49c525453bc7536bd37d56ab3680e9b3e95
2023-12-31,2024-02-16,Nevada,4,1733,https://www.sec.gov/Archives/edgar/data/1573516/000157351624000007/musa-20231231.htm,147a05159796c18d2a7ddf49a5f1e49c525453bc7536bd37d56ab3680e9b3e95
2023-12-31,2024-02-16,New Jersey,136,1733,https://www.sec.gov/Archives/edgar/data/1573516/000157351624000007/musa-20231231.htm,147a05159796c18d2a7ddf49a5f1e49c525453bc7536bd37d56ab3680e9b3e95
2023-12-31,2024-02-16,New Mexico,21,1733,https://www.sec.gov/Archives/edgar/data/1573516/000157351624000007/musa-20231231.htm,147a05159796c18d2a7ddf49a5f1e49c525453bc7536bd37d56ab3680e9b3e95
2023-12-31,2024-02-16,New York,20,1733,https://www.sec.gov/Archives/edgar/data/1573516/000157351624000007/musa-20231231.htm,147a05159796c18d2a7ddf49a5f1e49c525453bc7536bd37d56ab3680e9b3e95
2023-12-31,2024-02-16,North Carolina,91,1733,https://www.sec.gov/Archives/edgar/data/1573516/000157351624000007/musa-20231231.htm,147a05159796c18d2a7ddf49a5f1e49c525453bc7536bd37d56ab3680e9b3e95
2023-12-31,2024-02-16,Ohio,44,1733,https://www.sec.gov/Archives/edgar/data/1573516/000157351624000007/musa-20231231.htm,147a05159796c18d2a7ddf49a5f1e49c525453bc7536bd37d56ab3680e9b3e95
2023-12-31,2024-02-16,Oklahoma,55,1733,https://www.sec.gov/Archives/edgar/data/1573516/000157351624000007/musa-20231231.htm,147a05159796c18d2a7ddf49a5f1e49c525453bc7536bd37d56ab3680e9b3e95
2023-12-31,2024-02-16,South Carolina,72,1733,https://www.sec.gov/Archives/edgar/data/1573516/000157351624000007/musa-20231231.htm,147a05159796c18d2a7ddf49a5f1e49c525453bc7536bd37d56ab3680e9b3e95
2023-12-31,2024-02-16,Tennessee,93,1733,https://www.sec.gov/Archives/edgar/data/1573516/000157351624000007/musa-20231231.htm,147a05159796c18d2a7ddf49a5f1e49c525453bc7536bd37d56ab3680e9b3e95
2023-12-31,2024-02-16,Texas,365,1733,https://www.sec.gov/Archives/edgar/data/1573516/000157351624000007/musa-20231231.htm,147a05159796c18d2a7ddf49a5f1e49c525453bc7536bd37d56ab3680e9b3e95
2023-12-31,2024-02-16,Utah,5,1733,https://www.sec.gov/Archives/edgar/data/1573516/000157351624000007/musa-20231231.htm,147a05159796c18d2a7ddf49a5f1e49c525453bc7536bd37d56ab3680e9b3e95
2023-12-31,2024-02-16,Virginia,23,1733,https://www.sec.gov/Archives/edgar/data/1573516/000157351624000007/musa-20231231.htm,147a05159796c18d2a7ddf49a5f1e49c525453bc7536bd37d56ab3680e9b3e95
2024-12-31,2025-02-20,Alabama,82,1757,https://www.sec.gov/Archives/edgar/data/1573516/000157351625000010/musa-20241231.htm,b5da60e851f08a19442e8da95034a528857315de48b02f4bdb027fa0ddf94ed8
2024-12-31,2025-02-20,Arkansas,69,1757,https://www.sec.gov/Archives/edgar/data/1573516/000157351625000010/musa-20241231.htm,b5da60e851f08a19442e8da95034a528857315de48b02f4bdb027fa0ddf94ed8
2024-12-31,2025-02-20,Colorado,40,1757,https://www.sec.gov/Archives/edgar/data/1573516/000157351625000010/musa-20241231.htm,b5da60e851f08a19442e8da95034a528857315de48b02f4bdb027fa0ddf94ed8
2024-12-31,2025-02-20,Florida,147,1757,https://www.sec.gov/Archives/edgar/data/1573516/000157351625000010/musa-20241231.htm,b5da60e851f08a19442e8da95034a528857315de48b02f4bdb027fa0ddf94ed8
2024-12-31,2025-02-20,Georgia,100,1757,https://www.sec.gov/Archives/edgar/data/1573516/000157351625000010/musa-20241231.htm,b5da60e851f08a19442e8da95034a528857315de48b02f4bdb027fa0ddf94ed8
2024-12-31,2025-02-20,Illinois,43,1757,https://www.sec.gov/Archives/edgar/data/1573516/000157351625000010/musa-20241231.htm,b5da60e851f08a19442e8da95034a528857315de48b02f4bdb027fa0ddf94ed8
2024-12-31,2025-02-20,Indiana,39,1757,https://www.sec.gov/Archives/edgar/data/1573516/000157351625000010/musa-20241231.htm,b5da60e851f08a19442e8da95034a528857315de48b02f4bdb027fa0ddf94ed8
2024-12-31,2025-02-20,Iowa,21,1757,https://www.sec.gov/Archives/edgar/data/1573516/000157351625000010/musa-20241231.htm,b5da60e851f08a19442e8da95034a528857315de48b02f4bdb027fa0ddf94ed8
2024-12-31,2025-02-20,Kansas,7,1757,https://www.sec.gov/Archives/edgar/data/1573516/000157351625000010/musa-20241231.htm,b5da60e851f08a19442e8da95034a528857315de48b02f4bdb027fa0ddf94ed8
2024-12-31,2025-02-20,Kentucky,48,1757,https://www.sec.gov/Archives/edgar/data/1573516/000157351625000010/musa-20241231.htm,b5da60e851f08a19442e8da95034a528857315de48b02f4bdb027fa0ddf94ed8
2024-12-31,2025-02-20,Louisiana,82,1757,https://www.sec.gov/Archives/edgar/data/1573516/000157351625000010/musa-20241231.htm,b5da60e851f08a19442e8da95034a528857315de48b02f4bdb027fa0ddf94ed8
2024-12-31,2025-02-20,Michigan,27,1757,https://www.sec.gov/Archives/edgar/data/1573516/000157351625000010/musa-20241231.htm,b5da60e851f08a19442e8da95034a528857315de48b02f4bdb027fa0ddf94ed8
2024-12-31,2025-02-20,Mississippi,55,1757,https://www.sec.gov/Archives/edgar/data/1573516/000157351625000010/musa-20241231.htm,b5da60e851f08a19442e8da95034a528857315de48b02f4bdb027fa0ddf94ed8
2024-12-31,2025-02-20,Missouri,50,1757,https://www.sec.gov/Archives/edgar/data/1573516/000157351625000010/musa-20241231.htm,b5da60e851f08a19442e8da95034a528857315de48b02f4bdb027fa0ddf94ed8
2024-12-31,2025-02-20,Nebraska,5,1757,https://www.sec.gov/Archives/edgar/data/1573516/000157351625000010/musa-20241231.htm,b5da60e851f08a19442e8da95034a528857315de48b02f4bdb027fa0ddf94ed8
2024-12-31,2025-02-20,Nevada,4,1757,https://www.sec.gov/Archives/edgar/data/1573516/000157351625000010/musa-20241231.htm,b5da60e851f08a19442e8da95034a528857315de48b02f4bdb027fa0ddf94ed8
2024-12-31,2025-02-20,New Jersey,136,1757,https://www.sec.gov/Archives/edgar/data/1573516/000157351625000010/musa-20241231.htm,b5da60e851f08a19442e8da95034a528857315de48b02f4bdb027fa0ddf94ed8
2024-12-31,2025-02-20,New Mexico,22,1757,https://www.sec.gov/Archives/edgar/data/1573516/000157351625000010/musa-20241231.htm,b5da60e851f08a19442e8da95034a528857315de48b02f4bdb027fa0ddf94ed8
2024-12-31,2025-02-20,New York,20,1757,https://www.sec.gov/Archives/edgar/data/1573516/000157351625000010/musa-20241231.htm,b5da60e851f08a19442e8da95034a528857315de48b02f4bdb027fa0ddf94ed8
2024-12-31,2025-02-20,North Carolina,95,1757,https://www.sec.gov/Archives/edgar/data/1573516/000157351625000010/musa-20241231.htm,b5da60e851f08a19442e8da95034a528857315de48b02f4bdb027fa0ddf94ed8
2024-12-31,2025-02-20,Ohio,43,1757,https://www.sec.gov/Archives/edgar/data/1573516/000157351625000010/musa-20241231.htm,b5da60e851f08a19442e8da95034a528857315de48b02f4bdb027fa0ddf94ed8
2024-12-31,2025-02-20,Oklahoma,55,1757,https://www.sec.gov/Archives/edgar/data/1573516/000157351625000010/musa-20241231.htm,b5da60e851f08a19442e8da95034a528857315de48b02f4bdb027fa0ddf94ed8
2024-12-31,2025-02-20,South Carolina,78,1757,https://www.sec.gov/Archives/edgar/data/1573516/000157351625000010/musa-20241231.htm,b5da60e851f08a19442e8da95034a528857315de48b02f4bdb027fa0ddf94ed8
2024-12-31,2025-02-20,Tennessee,93,1757,https://www.sec.gov/Archives/edgar/data/1573516/000157351625000010/musa-20241231.htm,b5da60e851f08a19442e8da95034a528857315de48b02f4bdb027fa0ddf94ed8
2024-12-31,2025-02-20,Texas,368,1757,https://www.sec.gov/Archives/edgar/data/1573516/000157351625000010/musa-20241231.htm,b5da60e851f08a19442e8da95034a528857315de48b02f4bdb027fa0ddf94ed8
2024-12-31,2025-02-20,Utah,5,1757,https://www.sec.gov/Archives/edgar/data/1573516/000157351625000010/musa-20241231.htm,b5da60e851f08a19442e8da95034a528857315de48b02f4bdb027fa0ddf94ed8
2024-12-31,2025-02-20,Virginia,23,1757,https://www.sec.gov/Archives/edgar/data/1573516/000157351625000010/musa-20241231.htm,b5da60e851f08a19442e8da95034a528857315de48b02f4bdb027fa0ddf94ed8
2025-12-31,2026-02-18,Alabama,84,1800,https://www.sec.gov/Archives/edgar/data/1573516/000157351626000090/musa-20251231.htm,262e9622039acf6bbf3b9affe4d1bb7b32f25aeddbc49fcdf30155e5d37765bf
2025-12-31,2026-02-18,Arkansas,69,1800,https://www.sec.gov/Archives/edgar/data/1573516/000157351626000090/musa-20251231.htm,262e9622039acf6bbf3b9affe4d1bb7b32f25aeddbc49fcdf30155e5d37765bf
2025-12-31,2026-02-18,Colorado,51,1800,https://www.sec.gov/Archives/edgar/data/1573516/000157351626000090/musa-20251231.htm,262e9622039acf6bbf3b9affe4d1bb7b32f25aeddbc49fcdf30155e5d37765bf
2025-12-31,2026-02-18,Florida,154,1800,https://www.sec.gov/Archives/edgar/data/1573516/000157351626000090/musa-20251231.htm,262e9622039acf6bbf3b9affe4d1bb7b32f25aeddbc49fcdf30155e5d37765bf
2025-12-31,2026-02-18,Georgia,103,1800,https://www.sec.gov/Archives/edgar/data/1573516/000157351626000090/musa-20251231.htm,262e9622039acf6bbf3b9affe4d1bb7b32f25aeddbc49fcdf30155e5d37765bf
2025-12-31,2026-02-18,Illinois,43,1800,https://www.sec.gov/Archives/edgar/data/1573516/000157351626000090/musa-20251231.htm,262e9622039acf6bbf3b9affe4d1bb7b32f25aeddbc49fcdf30155e5d37765bf
2025-12-31,2026-02-18,Indiana,39,1800,https://www.sec.gov/Archives/edgar/data/1573516/000157351626000090/musa-20251231.htm,262e9622039acf6bbf3b9affe4d1bb7b32f25aeddbc49fcdf30155e5d37765bf
2025-12-31,2026-02-18,Iowa,21,1800,https://www.sec.gov/Archives/edgar/data/1573516/000157351626000090/musa-20251231.htm,262e9622039acf6bbf3b9affe4d1bb7b32f25aeddbc49fcdf30155e5d37765bf
2025-12-31,2026-02-18,Kansas,7,1800,https://www.sec.gov/Archives/edgar/data/1573516/000157351626000090/musa-20251231.htm,262e9622039acf6bbf3b9affe4d1bb7b32f25aeddbc49fcdf30155e5d37765bf
2025-12-31,2026-02-18,Kentucky,48,1800,https://www.sec.gov/Archives/edgar/data/1573516/000157351626000090/musa-20251231.htm,262e9622039acf6bbf3b9affe4d1bb7b32f25aeddbc49fcdf30155e5d37765bf
2025-12-31,2026-02-18,Louisiana,84,1800,https://www.sec.gov/Archives/edgar/data/1573516/000157351626000090/musa-20251231.htm,262e9622039acf6bbf3b9affe4d1bb7b32f25aeddbc49fcdf30155e5d37765bf
2025-12-31,2026-02-18,Michigan,27,1800,https://www.sec.gov/Archives/edgar/data/1573516/000157351626000090/musa-20251231.htm,262e9622039acf6bbf3b9affe4d1bb7b32f25aeddbc49fcdf30155e5d37765bf
2025-12-31,2026-02-18,Mississippi,55,1800,https://www.sec.gov/Archives/edgar/data/1573516/000157351626000090/musa-20251231.htm,262e9622039acf6bbf3b9affe4d1bb7b32f25aeddbc49fcdf30155e5d37765bf
2025-12-31,2026-02-18,Missouri,50,1800,https://www.sec.gov/Archives/edgar/data/1573516/000157351626000090/musa-20251231.htm,262e9622039acf6bbf3b9affe4d1bb7b32f25aeddbc49fcdf30155e5d37765bf
2025-12-31,2026-02-18,Nebraska,5,1800,https://www.sec.gov/Archives/edgar/data/1573516/000157351626000090/musa-20251231.htm,262e9622039acf6bbf3b9affe4d1bb7b32f25aeddbc49fcdf30155e5d37765bf
2025-12-31,2026-02-18,Nevada,4,1800,https://www.sec.gov/Archives/edgar/data/1573516/000157351626000090/musa-20251231.htm,262e9622039acf6bbf3b9affe4d1bb7b32f25aeddbc49fcdf30155e5d37765bf
2025-12-31,2026-02-18,New Jersey,131,1800,https://www.sec.gov/Archives/edgar/data/1573516/000157351626000090/musa-20251231.htm,262e9622039acf6bbf3b9affe4d1bb7b32f25aeddbc49fcdf30155e5d37765bf
2025-12-31,2026-02-18,New Mexico,22,1800,https://www.sec.gov/Archives/edgar/data/1573516/000157351626000090/musa-20251231.htm,262e9622039acf6bbf3b9affe4d1bb7b32f25aeddbc49fcdf30155e5d37765bf
2025-12-31,2026-02-18,New York,20,1800,https://www.sec.gov/Archives/edgar/data/1573516/000157351626000090/musa-20251231.htm,262e9622039acf6bbf3b9affe4d1bb7b32f25aeddbc49fcdf30155e5d37765bf
2025-12-31,2026-02-18,North Carolina,103,1800,https://www.sec.gov/Archives/edgar/data/1573516/000157351626000090/musa-20251231.htm,262e9622039acf6bbf3b9affe4d1bb7b32f25aeddbc49fcdf30155e5d37765bf
2025-12-31,2026-02-18,Ohio,43,1800,https://www.sec.gov/Archives/edgar/data/1573516/000157351626000090/musa-20251231.htm,262e9622039acf6bbf3b9affe4d1bb7b32f25aeddbc49fcdf30155e5d37765bf
2025-12-31,2026-02-18,Oklahoma,55,1800,https://www.sec.gov/Archives/edgar/data/1573516/000157351626000090/musa-20251231.htm,262e9622039acf6bbf3b9affe4d1bb7b32f25aeddbc49fcdf30155e5d37765bf
2025-12-31,2026-02-18,South Carolina,81,1800,https://www.sec.gov/Archives/edgar/data/1573516/000157351626000090/musa-20251231.htm,262e9622039acf6bbf3b9affe4d1bb7b32f25aeddbc49fcdf30155e5d37765bf
2025-12-31,2026-02-18,Tennessee,93,1800,https://www.sec.gov/Archives/edgar/data/1573516/000157351626000090/musa-20251231.htm,262e9622039acf6bbf3b9affe4d1bb7b32f25aeddbc49fcdf30155e5d37765bf
2025-12-31,2026-02-18,Texas,380,1800,https://www.sec.gov/Archives/edgar/data/1573516/000157351626000090/musa-20251231.htm,262e9622039acf6bbf3b9affe4d1bb7b32f25aeddbc49fcdf30155e5d37765bf
2025-12-31,2026-02-18,Utah,5,1800,https://www.sec.gov/Archives/edgar/data/1573516/000157351626000090/musa-20251231.htm,262e9622039acf6bbf3b9affe4d1bb7b32f25aeddbc49fcdf30155e5d37765bf
2025-12-31,2026-02-18,Virginia,23,1800,https://www.sec.gov/Archives/edgar/data/1573516/000157351626000090/musa-20251231.htm,262e9622039acf6bbf3b9affe4d1bb7b32f25aeddbc49fcdf30155e5d37765bf
