quarter,checkpoint,candidate_weeks_known_by_checkpoint,pit_eligible,reason
2019Q1,2019-03-31,0,False,No historical EPA release/revision timestamp proof
2019Q2,2019-06-30,0,False,No historical EPA release/revision timestamp proof
2019Q3,2019-09-30,0,False,No historical EPA release/revision timestamp proof
2019Q4,2019-12-31,0,False,No historical EPA release/revision timestamp proof
2020Q1,2020-03-31,0,False,No historical EPA release/revision timestamp proof
2020Q2,2020-06-30,0,False,No historical EPA release/revision timestamp proof
2020Q3,2020-09-30,0,False,No historical EPA release/revision timestamp proof
2020Q4,2020-12-31,0,False,No historical EPA release/revision timestamp proof
2021Q1,2021-03-31,0,False,No historical EPA release/revision timestamp proof
2021Q2,2021-06-30,0,False,No historical EPA release/revision timestamp proof
2021Q3,2021-09-30,0,False,No historical EPA release/revision timestamp proof
2021Q4,2021-12-31,0,False,No historical EPA release/revision timestamp proof
2022Q1,2022-03-31,0,False,No historical EPA release/revision timestamp proof
2022Q2,2022-06-30,0,False,No historical EPA release/revision timestamp proof
2022Q3,2022-09-30,0,False,No historical EPA release/revision timestamp proof
2022Q4,2022-12-31,0,False,No historical EPA release/revision timestamp proof
2023Q1,2023-03-31,0,False,No historical EPA release/revision timestamp proof
2023Q2,2023-06-30,0,False,No historical EPA release/revision timestamp proof
2023Q3,2023-09-30,0,False,No historical EPA release/revision timestamp proof
2023Q4,2023-12-31,0,False,No historical EPA release/revision timestamp proof
2024Q1,2024-03-31,0,False,No historical EPA release/revision timestamp proof
2024Q2,2024-06-30,0,False,No historical EPA release/revision timestamp proof
2024Q3,2024-09-30,0,False,No historical EPA release/revision timestamp proof
2024Q4,2024-12-31,0,False,No historical EPA release/revision timestamp proof
2025Q1,2025-03-31,0,False,No historical EPA release/revision timestamp proof
2025Q2,2025-06-30,0,False,No historical EPA release/revision timestamp proof
2025Q3,2025-09-30,0,False,No historical EPA release/revision timestamp proof
2025Q4,2025-12-31,0,False,No historical EPA release/revision timestamp proof
2026Q1,2026-03-31,0,False,No historical EPA release/revision timestamp proof
2026Q2,2026-06-30,0,False,No historical EPA release/revision timestamp proof
