quarter,d6_same_vintage_mean_usd_per_rin,d6_yoy_normalized_change,weeks,first_week,last_week,available_at,captured_at
2010Q2,0.01,,1,2010-06-28,2010-06-28,2026-09-27T20:00:50Z,2026-09-27T20:00:50Z
2010Q3,0.026153846153846156,,13,2010-07-05,2010-09-27,2026-09-27T20:00:50Z,2026-09-27T20:00:50Z
2010Q4,0.04230769230769231,,13,2010-10-04,2010-12-27,2026-09-27T20:00:50Z,2026-09-27T20:00:50Z
2011Q1,0.0275,,12,2011-01-10,2011-03-28,2026-09-27T20:00:50Z,2026-09-27T20:00:50Z
2011Q2,0.03692307692307692,2.692307692307692,13,2011-04-04,2011-06-27,2026-09-27T20:00:50Z,2026-09-27T20:00:50Z
2011Q3,0.030769230769230767,0.17647058823529393,13,2011-07-04,2011-09-26,2026-09-27T20:00:50Z,2026-09-27T20:00:50Z
2011Q4,0.02076923076923077,-0.5090909090909091,13,2011-10-03,2011-12-26,2026-09-27T20:00:50Z,2026-09-27T20:00:50Z
2012Q1,0.11538461538461539,3.195804195804196,13,2012-01-02,2012-03-26,2026-09-27T20:00:50Z,2026-09-27T20:00:50Z
2012Q2,0.024615384615384615,-0.33333333333333326,13,2012-04-02,2012-06-25,2026-09-27T20:00:50Z,2026-09-27T20:00:50Z
2012Q3,0.043076923076923075,0.40000000000000013,13,2012-07-02,2012-09-24,2026-09-27T20:00:50Z,2026-09-27T20:00:50Z
2012Q4,0.049999999999999996,1.4074074074074074,14,2012-10-01,2012-12-31,2026-09-27T20:00:50Z,2026-09-27T20:00:50Z
2013Q1,0.23416666666666666,1.0294444444444442,12,2013-01-07,2013-03-25,2026-09-27T20:00:50Z,2026-09-27T20:00:50Z
2013Q2,0.5661538461538462,22.000000000000004,13,2013-04-01,2013-06-24,2026-09-27T20:00:50Z,2026-09-27T20:00:50Z
2013Q3,0.8092857142857143,17.78698979591837,14,2013-07-01,2013-09-30,2026-09-27T20:00:50Z,2026-09-27T20:00:50Z
2013Q4,0.5420992307692308,9.841984615384618,13,2013-10-07,2013-12-30,2026-09-27T20:00:50Z,2026-09-27T20:00:50Z
2014Q1,0.3992307692307693,0.7049000821242817,13,2014-01-06,2014-03-31,2026-09-27T20:00:50Z,2026-09-27T20:00:50Z
2014Q2,0.45692307692307693,-0.1929347826086958,13,2014-04-07,2014-06-30,2026-09-27T20:00:50Z,2026-09-27T20:00:50Z
2014Q3,0.48846153846153845,-0.3964288139045421,13,2014-07-07,2014-09-29,2026-09-27T20:00:50Z,2026-09-27T20:00:50Z
2014Q4,0.47182507692307696,-0.12963337680157905,13,2014-10-06,2014-12-29,2026-09-27T20:00:50Z,2026-09-27T20:00:50Z
2015Q1,0.6653846153846155,0.6666666666666667,13,2015-01-05,2015-03-30,2026-09-27T20:00:50Z,2026-09-27T20:00:50Z
2015Q2,0.6529983846153846,0.42912104377104376,13,2015-04-06,2015-06-29,2026-09-27T20:00:50Z,2026-09-27T20:00:50Z
2015Q3,0.4724078461538461,-0.03286582677165362,13,2015-07-06,2015-09-28,2026-09-27T20:00:50Z,2026-09-27T20:00:50Z
2015Q4,0.4631452307692308,-0.01839632223545684,13,2015-10-05,2015-12-28,2026-09-27T20:00:50Z,2026-09-27T20:00:50Z
2016Q1,0.6875670769230768,0.033337803468207916,13,2016-01-04,2016-03-28,2026-09-27T20:00:50Z,2026-09-27T20:00:50Z
2016Q2,0.7091311538461539,0.08596157441313035,13,2016-04-04,2016-06-27,2026-09-27T20:00:50Z,2026-09-27T20:00:50Z
2016Q3,0.8291721538461538,0.7552040267682651,13,2016-07-04,2016-09-26,2026-09-27T20:00:50Z,2026-09-27T20:00:50Z
2016Q4,0.8574870769230769,0.8514431758238983,13,2016-10-03,2016-12-26,2026-09-27T20:00:50Z,2026-09-27T20:00:50Z
2017Q1,0.6542961538461539,-0.04838934875388923,13,2017-01-02,2017-03-27,2026-09-27T20:00:50Z,2026-09-27T20:00:50Z
2017Q2,0.5826536923076924,-0.1783555282439344,13,2017-04-03,2017-06-26,2026-09-27T20:00:50Z,2026-09-27T20:00:50Z
2017Q3,0.7377834615384615,-0.11021678897896126,13,2017-07-03,2017-09-25,2026-09-27T20:00:50Z,2026-09-27T20:00:50Z
2017Q4,0.8134358461538462,-0.051372471906282025,13,2017-10-02,2017-12-25,2026-09-27T20:00:50Z,2026-09-27T20:00:50Z
2018Q1,0.693076923076923,0.05927097233080736,13,2018-01-01,2018-03-26,2026-09-27T20:00:50Z,2026-09-27T20:00:50Z
2018Q2,0.4807383846153846,-0.1749157501922901,13,2018-04-02,2018-06-25,2026-09-27T20:00:50Z,2026-09-27T20:00:50Z
2018Q3,0.2946156923076923,-0.6006745777502989,13,2018-07-02,2018-09-24,2026-09-27T20:00:50Z,2026-09-27T20:00:50Z
2018Q4,0.214203,-0.7366688460893234,14,2018-10-01,2018-12-31,2026-09-27T20:00:50Z,2026-09-27T20:00:50Z
2019Q1,0.18416666666666667,-0.7342767295597483,12,2019-01-07,2019-03-25,2026-09-27T20:00:50Z,2026-09-27T20:00:50Z
2019Q2,0.17307692307692307,-0.6399769009179629,13,2019-04-01,2019-06-24,2026-09-27T20:00:50Z,2026-09-27T20:00:50Z
2019Q3,0.19000157142857144,-0.35508672352002013,14,2019-07-01,2019-09-30,2026-09-27T20:00:50Z,2026-09-27T20:00:50Z
2019Q4,0.17039215384615386,-0.20452956379624065,13,2019-10-07,2019-12-30,2026-09-27T20:00:50Z,2026-09-27T20:00:50Z
2020Q1,0.23530830769230768,0.2776921684650191,13,2020-01-06,2020-03-30,2026-09-27T20:00:50Z,2026-09-27T20:00:50Z
2020Q2,0.33537238461538466,0.9377071111111115,13,2020-04-06,2020-06-29,2026-09-27T20:00:50Z,2026-09-27T20:00:50Z
2020Q3,0.41692353846153846,1.1943162644750824,13,2020-07-06,2020-09-28,2026-09-27T20:00:50Z,2026-09-27T20:00:50Z
2020Q4,0.5236986923076923,2.0734906536866538,13,2020-10-05,2020-12-28,2026-09-27T20:00:50Z,2026-09-27T20:00:50Z
2021Q1,0.8854017692307692,2.7627305976316507,13,2021-01-04,2021-03-29,2026-09-27T20:00:50Z,2026-09-27T20:00:50Z
2021Q2,1.3176923076923077,2.9290423664532717,13,2021-04-05,2021-06-28,2026-09-27T20:00:50Z,2026-09-27T20:00:50Z
2021Q3,1.456923076923077,2.4944610762423514,13,2021-07-05,2021-09-27,2026-09-27T20:00:50Z,2026-09-27T20:00:50Z
2021Q4,1.3097632307692306,1.5009862541335055,13,2021-10-04,2021-12-27,2026-09-27T20:00:50Z,2026-09-27T20:00:50Z
2022Q1,1.1453846153846154,0.2936326255364472,13,2022-01-03,2022-03-28,2026-09-27T20:00:50Z,2026-09-27T20:00:50Z
2022Q2,1.27,-0.036193812025685945,13,2022-04-04,2022-06-27,2026-09-27T20:00:50Z,2026-09-27T20:00:50Z
2022Q3,1.4884615384615385,0.021647307286166928,13,2022-07-04,2022-09-26,2026-09-27T20:00:50Z,2026-09-27T20:00:50Z
2022Q4,1.6206758461538462,0.23738077851064343,13,2022-10-03,2022-12-26,2026-09-27T20:00:50Z,2026-09-27T20:00:50Z
2023Q1,1.636923076923077,0.42914707857622547,13,2023-01-02,2023-03-27,2026-09-27T20:00:50Z,2026-09-27T20:00:50Z
2023Q2,1.563076923076923,0.23076923076923062,13,2023-04-03,2023-06-26,2026-09-27T20:00:50Z,2026-09-27T20:00:50Z
2023Q3,1.4954308461538461,0.004682222222222254,13,2023-07-03,2023-09-25,2026-09-27T20:00:50Z,2026-09-27T20:00:50Z
2023Q4,1.2169295384615384,-0.24912218482830484,13,2023-10-02,2023-12-25,2026-09-27T20:00:50Z,2026-09-27T20:00:50Z
2024Q1,0.8107692307692307,-0.5046992481203008,13,2024-01-01,2024-03-25,2026-09-27T20:00:50Z,2026-09-27T20:00:50Z
2024Q2,0.6629553846153846,-0.575865157480315,13,2024-04-01,2024-06-24,2026-09-27T20:00:50Z,2026-09-27T20:00:50Z
2024Q3,0.6366771428571428,-0.5742516984355135,14,2024-07-01,2024-09-30,2026-09-27T20:00:50Z,2026-09-27T20:00:50Z
2024Q4,0.6355106923076923,-0.47777527603519676,13,2024-10-07,2024-12-30,2026-09-27T20:00:50Z,2026-09-27T20:00:50Z
2025Q1,0.7292307692307692,-0.10056925996204924,13,2025-01-06,2025-03-31,2026-09-27T20:00:50Z,2026-09-27T20:00:50Z
2025Q2,0.880709076923077,0.3284590446972879,13,2025-04-07,2025-06-30,2026-09-27T20:00:50Z,2026-09-27T20:00:50Z
2025Q3,0.9792544615384616,0.5380707043195769,13,2025-07-07,2025-09-29,2026-09-27T20:00:50Z,2026-09-27T20:00:50Z
2025Q4,1.0039463076923076,0.5797473116411889,13,2025-10-06,2025-12-29,2026-09-27T20:00:50Z,2026-09-27T20:00:50Z
2026Q1,1.2567471538461539,0.723387447257384,13,2026-01-05,2026-03-30,2026-09-27T20:00:50Z,2026-09-27T20:00:50Z
2026Q2,1.7722750769230768,1.0123274794837513,13,2026-04-06,2026-06-29,2026-09-27T20:00:50Z,2026-09-27T20:00:50Z
2026Q3,2.186689375,1.233014462415206,8,2026-07-06,2026-08-24,2026-09-27T20:00:50Z,2026-09-27T20:00:50Z
