quarter,forecast_cutoff,audit_status,disclosure_exists,disclosure_available_at,usable_at_forecast_cutoff,sources_checked,search_window,source_urls,source_hashes,audit_completed_at
2021Q1,2021-03-31,PENDING_SOURCE_AUDIT,UNRESOLVED,UNRESOLVED,UNRESOLVED,,,,,
2021Q2,2021-06-30,PENDING_SOURCE_AUDIT,UNRESOLVED,UNRESOLVED,UNRESOLVED,,,,,
2021Q3,2021-09-30,PENDING_SOURCE_AUDIT,UNRESOLVED,UNRESOLVED,UNRESOLVED,,,,,
2021Q4,2021-12-31,PENDING_SOURCE_AUDIT,UNRESOLVED,UNRESOLVED,UNRESOLVED,,,,,
2022Q1,2022-03-31,PENDING_SOURCE_AUDIT,UNRESOLVED,UNRESOLVED,UNRESOLVED,,,,,
2022Q2,2022-06-30,PENDING_SOURCE_AUDIT,UNRESOLVED,UNRESOLVED,UNRESOLVED,,,,,
2022Q3,2022-09-30,SOURCE_VERIFIED,TRUE,2022-07-27,TRUE,EARNINGS_RELEASE,2022-07-01..2022-09-30,https://ir.corporate.murphyusa.com/investor-relations/news-releases/press-release-details/2022/Murphy-USA-Inc.-Reports-Second-Quarter-2022-Results/default.aspx,NOT_ARCHIVED,2026-10-05
2022Q4,2022-12-31,PENDING_SOURCE_AUDIT,UNRESOLVED,UNRESOLVED,UNRESOLVED,,,,,
2023Q1,2023-03-31,PENDING_SOURCE_AUDIT,UNRESOLVED,UNRESOLVED,UNRESOLVED,,,,,
2023Q2,2023-06-30,PENDING_SOURCE_AUDIT,UNRESOLVED,UNRESOLVED,UNRESOLVED,,,,,
2023Q3,2023-09-30,PENDING_SOURCE_AUDIT,UNRESOLVED,UNRESOLVED,UNRESOLVED,,,,,
2023Q4,2023-12-31,PENDING_SOURCE_AUDIT,UNRESOLVED,UNRESOLVED,UNRESOLVED,,,,,
2024Q1,2024-03-31,PENDING_SOURCE_AUDIT,UNRESOLVED,UNRESOLVED,UNRESOLVED,,,,,
2024Q2,2024-06-30,PENDING_SOURCE_AUDIT,UNRESOLVED,UNRESOLVED,UNRESOLVED,,,,,
2024Q3,2024-09-30,PENDING_SOURCE_AUDIT,UNRESOLVED,UNRESOLVED,UNRESOLVED,,,,,
2024Q4,2024-12-31,PENDING_SOURCE_AUDIT,UNRESOLVED,UNRESOLVED,UNRESOLVED,,,,,
2025Q1,2025-03-31,PENDING_SOURCE_AUDIT,UNRESOLVED,UNRESOLVED,UNRESOLVED,,,,,
2025Q2,2025-06-30,SOURCE_VERIFIED,TRUE,2025-06-16,TRUE,OPERATIONS_UPDATE,2025-04-01..2025-06-30,https://ir.corporate.murphyusa.com/investor-relations/news-releases/press-release-details/2025/Murphy-USA-Issues-Operations-Update/default.aspx,NOT_ARCHIVED,2026-10-05
2025Q3,2025-09-30,PENDING_SOURCE_AUDIT,UNRESOLVED,UNRESOLVED,UNRESOLVED,,,,,
2025Q4,2025-12-31,PENDING_SOURCE_AUDIT,UNRESOLVED,UNRESOLVED,UNRESOLVED,,,,,
2026Q1,2026-03-31,PENDING_SOURCE_AUDIT,UNRESOLVED,UNRESOLVED,UNRESOLVED,,,,,
2026Q2,2026-06-30,SOURCE_VERIFIED,TRUE,2026-04-29,TRUE,EARNINGS_RELEASE,2026-04-01..2026-06-30,https://ir.corporate.murphyusa.com/investor-relations/news-releases/press-release-details/2026/Murphy-USA-Inc--Reports-First-Quarter-2026-Results/default.aspx,NOT_ARCHIVED,2026-10-05
