"STUB_1","3/25/22","3/18/22","Difference","Percent Change","3/26/21","Difference","Percent Change"
"Crude Oil","978.272","984.722","-6.450","-0.700","1,139.608","-161.336","-14.200"
"Commercial (Excluding SPR)","409.950","413.399","-3.449","-0.800","501.835","-91.885","-18.300"
"Strategic Petroleum Reserve (SPR)","568.322","571.323","-3.001","-0.500","637.773","-69.451","-10.900"
"Total Motor Gasoline","238.828","238.043","0.785","0.300","230.544","8.284","3.600"
"Reformulated","0.021","0.020","0.001","5.000","0.033","-0.012","-36.400"
"Conventional","18.950","18.324","0.625","3.400","19.962","-1.013","-5.100"
"Blending Components","219.857","219.699","0.158","0.100","210.549","9.309","4.400"
"Fuel Ethanol","26.529","26.148","0.381","1.500","21.114","5.415","25.600"
"Kerosene-Type Jet Fuel","36.082","36.356","-0.274","-0.800","39.029","-2.947","-7.600"
"Distillate Fuel Oil","113.530","112.135","1.394","1.200","144.095","-30.565","-21.200"
"15 ppm sulfur and Under","103.774","102.290","1.484","1.500","131.470","-27.696","-21.100"
"> 15 ppm to 500 ppm sulfur","2.620","2.470","0.150","6.100","3.882","-1.262","-32.500"
"> 500 ppm sulfur","7.136","7.375","-0.239","-3.200","8.743","-1.607","-18.400"
"Residual Fuel Oil","27.729","26.656","1.073","4.000","32.253","-4.523","-14.000"
"Propane/Propylene","33.709","33.564","0.145","0.400","39.247","-5.538","-14.100"
"Other Oils","252.293","250.514","1.779","0.700","282.210","-29.917","-10.600"
"Unfinished Oils","86.615","86.671","-0.057","-0.100","94.735","-8.120","-8.600"
"Total Stocks (Including SPR)","1,706.972","1,708.138","-1.166","-0.100","1,928.098","-221.126","-11.500"
"Total Stocks (Excluding SPR)","1,138.650","1,136.815","1.835","0.200","1,290.325","-151.675","-11.800"
"STUB_1","STUB_2","3/25/22","3/18/22","Difference","3/26/21","Difference","3/25/22","3/26/21","Percent Change","3/25/22","3/26/21","Percent Change"
"Crude Oil Supply ","(1)     Domestic Production","11,700","11,600","100","11,100","600","11,625","10,975","5.9","11,616","10,767","7.9"
"Crude Oil Supply ","(2)        Alaska","445","431","14","445","0","439","454","-3.3","448","483","-7.3"
"Crude Oil Supply ","(3)        Lower 48","11,300","11,200","100","10,700","600","11,225","10,500","6.9","11,175","10,275","8.8"
"Crude Oil Supply ","(4)     Net Imports (Including SPR)","3,271","2,642","629","2,971","300","3,317","2,984","11.2","3,542","2,933","20.8"
"Crude Oil Supply ","(5)        Imports","6,259","6,486","-227","6,145","114","6,365","5,686","11.9","6,367","5,770","10.3"
"Crude Oil Supply ","(6)            Commercial Crude Oil","6,259","6,486","-227","6,145","114","6,365","5,686","11.9","6,367","5,770","10.3"
"Crude Oil Supply ","(7)            Imports by SPR","0","0","0","0","0","0","0","0.0","0","0","0.0"
"Crude Oil Supply ","(8)            Imports into SPR by Others","0","0","0","0","0","0","0","0.0","0","0","0.0"
"Crude Oil Supply ","(9)        Exports","2,988","3,844","-856","3,174","-186","3,048","2,702","12.8","2,825","2,838","-0.4"
"Crude Oil Supply ","(10)   Stock Change (+/build; -/draw)","-921","-957","35","-125","-796","-542","615","– –","-392","191","– –"
"Crude Oil Supply ","(11)       Commercial Stock Change","-493","-358","-134","-125","-368","-124","615","– –","-87","195","– –"
"Crude Oil Supply ","(12)       SPR Stock Change","-429","-599","170","0","-429","-418","0","– –","-305","-4","– –"
"Crude Oil Supply ","(13)   Adjustment","20","678","-658","745","-725","208","424","– –","-79","291","– –"
"Crude Oil Supply ","(14)   Crude Oil Input to Refineries","15,913","15,878","35","14,941","972","15,692","13,768","14.0","15,471","13,799","12.1"
"Other Supply ","(15)   Production","7,967","7,971","-4","6,993","974","7,950","6,901","15.2","7,918","7,042","12.4"
"Other Supply ","(16)      Natural Gas Plant Liquids","5,733","5,733","0","5,060","673","5,733","5,060","13.3","5,738","5,228","9.8"
"Other Supply ","(17)      Renewable Fuels/Oxygenate Plant","1,231","1,237","-6","959","272","1,228","943","30.1","1,204","912","32.1"
"Other Supply ","(18)           Fuel Ethanol","1,036","1,042","-6","965","71","1,033","949","8.9","1,025","909","12.8"
"Other Supply ","(19)          Other","194","194","0","-6","200","194","-6","-3,420.5","180","3","5,890.9"
"Other Supply ","(20)      Refinery Processing Gain","1,004","1,001","2","974","29","990","898","10.3","975","902","8.2"
"Other Supply ","(21)   Net Imports","-3,491","-3,563","72","-1,893","-1,598","-3,634","-2,036","– –","-2,825","-2,509","– –"
"Other Supply ","(22)      Imports","2,119","2,122","-3","2,361","-242","2,218","2,474","-10.3","2,074","2,227","-6.9"
"Other Supply ","(23)      Exports","5,610","5,685","-75","4,254","1,356","5,852","4,510","29.8","4,899","4,736","3.4"
"Other Supply ","(24)   Stock Change (+/build; -/draw)","755","-599","1,354","-67","822","-467","-317","– –","-581","-830","– –"
"Other Supply ","(25)   Adjustment","240","240","0","205","35","240","205","– –","226","203","– –"
"Products Supplied ","(26)   Total","19,874","21,124","-1,250","20,313","-439","20,715","19,155","8.1","21,370","19,365","10.4"
"Products Supplied ","(27)     Finished Motor Gasoline","8,499","8,637","-138","8,891","-392","8,760","8,669","1.1","8,591","8,128","5.7"
"Products Supplied ","(28)     Kerosene-Type Jet Fuel","1,385","1,737","-352","1,361","24","1,480","1,064","39.1","1,468","1,125","30.5"
"Products Supplied ","(29)     Distillate Fuel Oil","3,804","4,516","-712","4,113","-309","4,153","4,055","2.4","4,310","4,053","6.4"
"Products Supplied ","(30)     Residual Fuel Oil","180","339","-158","196","-16","280","232","20.5","325","237","37.1"
"Products Supplied ","(31)     Propane/Propylene","1,401","1,340","61","1,676","-276","1,365","1,356","0.7","1,746","1,583","10.3"
"Products Supplied ","(32)     Other Oils","4,605","4,555","49","4,076","529","4,676","3,778","23.8","4,930","4,238","16.3"
"Net Imports of Crude and Petroleum Products ","(33)   Total","-220","-921","700","1,077","-1,298","-317","948","-133.4","717","424","69.3"
