"STUB_1","6/6/25","5/30/25","Difference","Percent Change","6/7/24","Difference","Percent Change"
"Crude Oil","834.474","837.881","-3.407","-0.400","830.178","4.295","0.500"
"Commercial (Excluding SPR)","432.415","436.059","-3.644","-0.800","459.652","-27.238","-5.900"
"Strategic Petroleum Reserve (SPR)","402.059","401.822","0.237","0.100","370.526","31.533","8.500"
"Total Motor Gasoline","229.804","228.300","1.504","0.700","233.512","-3.708","-1.600"
"Reformulated","0.029","0.027","0.002","7.400","0.022","0.007","31.800"
"Conventional","15.102","14.993","0.109","0.700","17.020","-1.918","-11.300"
"Blending Components","214.672","213.280","1.392","0.700","216.469","-1.797","-0.800"
"Fuel Ethanol","23.734","24.440","-0.706","-2.900","23.222","0.512","2.200"
"Kerosene-Type Jet Fuel","43.399","43.654","-0.255","-0.600","42.003","1.397","3.300"
"Distillate Fuel Oil","108.884","107.638","1.246","1.200","123.366","-14.482","-11.700"
"15 ppm sulfur and Under","99.513","98.616","0.897","0.900","113.958","-14.445","-12.700"
"> 15 ppm to 500 ppm sulfur","3.073","3.211","-0.138","-4.300","2.624","0.449","17.100"
"> 500 ppm sulfur","6.298","5.811","0.487","8.400","6.784","-0.486","-7.200"
"Residual Fuel Oil","23.193","23.266","-0.073","-0.300","28.740","-5.546","-19.300"
"Propane/Propylene","65.986","61.943","4.042","6.500","69.808","-3.822","-5.500"
"Other Oils","314.085","310.036","4.049","1.300","307.799","6.286","2.000"
"Unfinished Oils","86.023","86.115","-0.092","-0.100","90.849","-4.827","-5.300"
"Total Stocks (Including SPR)","1,643.559","1,637.159","6.399","0.400","1,658.627","-15.069","-0.900"
"Total Stocks (Excluding SPR)","1,241.500","1,235.337","6.162","0.500","1,288.101","-46.602","-3.600"
"STUB_1","STUB_2","6/6/25","5/30/25","Difference","6/7/24","Difference","6/6/25","6/7/24","Percent Change","6/6/25","6/7/24","Percent Change"
"Crude Oil Supply ","(1)     Domestic Production","13,428","13,408","20","13,200","228","13,407","13,125","2.2","13,465","13,116","2.7"
"Crude Oil Supply ","(2)        Alaska","439","434","4","425","14","436","422","3.1","438","429","2.0"
"Crude Oil Supply ","(3)        Lower 48","12,989","12,974","16","12,800","189","12,972","12,725","1.9","13,027","12,716","2.4"
"Crude Oil Supply ","(4)     Transfers to Crude Oil Supply","585","578","7","463","122","582","471","23.6","570","484","17.8"
"Crude Oil Supply ","(5)        Alaskan NGL production","51","49","1","48","3","50","52","-3.0","51","55","-6.0"
"Crude Oil Supply ","(6)        Natural Gasoline, Condensate, and Unfinished Oils","534","529","6","415","119","532","419","26.9","519","429","20.9"
"Crude Oil Supply ","(7)     Net Imports (Including SPR)","2,890","2,439","451","5,116","-2,226","2,490","3,038","-18.0","2,094","2,394","-12.5"
"Crude Oil Supply ","(8)        Imports","6,176","6,346","-170","8,304","-2,128","6,240","7,199","-13.3","6,084","6,626","-8.2"
"Crude Oil Supply ","(9)            Commercial Crude Oil","6,176","6,346","-170","8,304","-2,128","6,240","7,199","-13.3","6,084","6,626","-8.2"
"Crude Oil Supply ","(10)            Imports by SPR","0","0","0","0","0","0","0","0.0","0","0","0.0"
"Crude Oil Supply ","(11)            Imports into SPR by Others","0","0","0","0","0","0","0","0.0","0","0","0.0"
"Crude Oil Supply ","(12)        Exports","3,286","3,907","-621","3,188","98","3,750","4,161","-9.9","3,990","4,233","-5.7"
"Crude Oil Supply ","(13)   Stock Change (+/build; -/draw)","-487","-542","55","581","-1,068","-250","191","– –","165","278","– –"
"Crude Oil Supply ","(14)       Commercial Stock Change","-521","-615","94","533","-1,053","-336","94","– –","112","177","– –"
"Crude Oil Supply ","(15)       SPR Stock Change","34","73","-39","48","-15","86","97","– –","53","100","– –"
"Crude Oil Supply ","(16)   Adjustment","-163","31","-194","-1,151","988","31","496","– –","-41","81","– –"
"Crude Oil Supply ","(17)   Crude Oil Input to Refineries","17,226","16,998","228","17,047","180","16,760","16,939","-1.1","15,923","15,797","0.8"
"Other Supply ","(18)   Production","9,733","9,664","68","9,229","503","9,582","9,297","3.1","9,285","8,926","4.0"
"Other Supply ","(19)      Natural Gas Plant Liquids","7,329","7,290","40","6,824","506","7,247","6,876","5.4","6,957","6,593","5.5"
"Other Supply ","(20)      Renewable Fuels/Oxygenate Plant","1,375","1,361","15","1,324","51","1,335","1,346","-0.8","1,369","1,321","3.7"
"Other Supply ","(21)           Fuel Ethanol","1,120","1,105","15","1,023","97","1,079","1,045","3.3","1,063","1,025","3.8"
"Other Supply ","(22)          Other","255","255","0","301","-45","255","301","-15.1","305","296","3.2"
"Other Supply ","(23)      Refinery Processing Gain","1,028","1,014","14","1,081","-54","1,000","1,075","-6.9","959","1,012","-5.2"
"Other Supply ","(24)   Net Imports","-5,415","-4,299","-1,116","-5,682","267","-4,903","-4,656","– –","-4,874","-4,571","– –"
"Other Supply ","(25)      Imports","1,702","1,890","-188","1,820","-118","1,785","2,038","-12.4","1,729","1,901","-9.1"
"Other Supply ","(26)      Exports","7,117","6,189","928","7,502","-385","6,688","6,694","-0.1","6,603","6,472","2.0"
"Other Supply ","(27)   Stock Change (+/build; -/draw)","1,401","2,461","-1,061","1,104","297","1,170","1,517","– –","-60","31","– –"
"Other Supply ","(28)   Adjustment","204","204","0","193","11","204","193","– –","217","222","– –"
"Other Supply ","(29)   Transfers to Crude Oil Supply","-585","-578","-7","-463","-122","-582","-471","23.6","-570","-484","–"
"Products Supplied ","(30)   Total","19,762","19,528","235","19,219","543","19,891","19,786","0.5","20,041","19,859","0.9"
"Products Supplied ","(31)     Finished Motor Gasoline","9,170","8,263","907","9,040","130","8,882","9,112","-2.5","8,669","8,681","-0.1"
"Products Supplied ","(32)     Kerosene-Type Jet Fuel","1,829","1,760","69","1,696","133","1,755","1,732","1.3","1,681","1,593","5.5"
"Products Supplied ","(33)     Distillate Fuel Oil","3,376","3,151","225","3,649","-273","3,458","3,673","-5.9","3,849","3,660","5.2"
"Products Supplied ","(34)     Residual Fuel Oil","172","326","-155","99","73","215","202","6.3","289","284","1.8"
"Products Supplied ","(35)     Propane/Propylene","580","788","-208","865","-285","674","706","-4.6","1,121","1,052","6.6"
"Products Supplied ","(36)     Other Oils","4,637","5,240","-603","3,872","765","4,908","4,360","12.6","4,434","4,590","-3.4"
"Net Imports of Crude and Petroleum Products ","(33)   Total","-2,525","-1,860","-665","-566","-1,959","-2,413","-1,618","49.1","-2,780","-2,177","27.7"
