week,region,retail_cpg,wholesale_cpg
2019-01-07,East Coast,221.6000,144.2000
2019-01-07,Gulf Coast,188.6000,134.0000
2019-01-07,Midwest,200.3000,134.0000
2019-01-14,East Coast,221.7000,144.8000
2019-01-14,Gulf Coast,191.0000,138.2000
2019-01-14,Midwest,204.7000,138.2000
2019-01-21,East Coast,224.2000,142.9000
2019-01-21,Gulf Coast,191.4000,138.3000
2019-01-21,Midwest,203.9000,138.3000
2019-01-28,East Coast,224.9000,141.3000
2019-01-28,Gulf Coast,195.9000,136.3000
2019-01-28,Midwest,205.2000,136.3000
2019-02-04,East Coast,224.4000,147.4000
2019-02-04,Gulf Coast,193.1000,143.1000
2019-02-04,Midwest,208.0000,143.1000
2019-02-11,East Coast,223.6000,153.0000
2019-02-11,Gulf Coast,195.9000,149.8000
2019-02-11,Midwest,215.0000,149.8000
2019-02-18,East Coast,226.7000,164.8000
2019-02-18,Gulf Coast,204.8000,150.7000
2019-02-18,Midwest,220.7000,150.7000
2019-02-25,East Coast,234.9000,168.3000
2019-02-25,Gulf Coast,211.3000,148.2000
2019-02-25,Midwest,230.6000,148.2000
2019-03-04,East Coast,238.5000,170.7000
2019-03-04,Gulf Coast,218.1000,170.7000
2019-03-04,Midwest,232.9000,170.7000
2019-03-11,East Coast,243.0000,179.7000
2019-03-11,Gulf Coast,221.7000,180.8000
2019-03-11,Midwest,240.0000,180.8000
2019-03-18,East Coast,251.8000,189.0000
2019-03-18,Gulf Coast,230.1000,187.8000
2019-03-18,Midwest,247.5000,187.8000
2019-03-25,East Coast,256.7000,186.2000
2019-03-25,Gulf Coast,237.9000,191.8000
2019-03-25,Midwest,256.2000,191.8000
2019-04-01,East Coast,261.8000,192.4000
2019-04-01,Gulf Coast,244.7000,192.8000
2019-04-01,Midwest,262.6000,192.8000
2019-04-08,East Coast,265.3000,204.0000
2019-04-08,Gulf Coast,245.2000,201.0000
2019-04-08,Midwest,267.0000,201.0000
2019-04-15,East Coast,271.8000,206.9000
2019-04-15,Gulf Coast,253.6000,200.0000
2019-04-15,Midwest,273.6000,200.0000
2019-04-22,East Coast,273.3000,212.5000
2019-04-22,Gulf Coast,253.5000,207.1000
2019-04-22,Midwest,272.2000,207.1000
2019-04-29,East Coast,278.0000,202.0000
2019-04-29,Gulf Coast,258.2000,199.9000
2019-04-29,Midwest,276.5000,199.9000
2019-05-06,East Coast,279.2000,192.1000
2019-05-06,Gulf Coast,255.7000,187.8000
2019-05-06,Midwest,276.7000,187.8000
2019-05-13,East Coast,275.4000,195.6000
2019-05-13,Gulf Coast,251.8000,189.4000
2019-05-13,Midwest,273.8000,189.4000
2019-05-20,East Coast,272.3000,191.1000
2019-05-20,Gulf Coast,251.7000,186.8000
2019-05-20,Midwest,274.2000,186.8000
2019-05-27,East Coast,269.6000,183.0000
2019-05-27,Gulf Coast,247.3000,183.2000
2019-05-27,Midwest,271.2000,183.2000
2019-06-03,East Coast,266.4000,164.6000
2019-06-03,Gulf Coast,242.4000,167.8000
2019-06-03,Midwest,274.6000,167.8000
2019-06-10,East Coast,262.0000,168.3000
2019-06-10,Gulf Coast,236.2000,166.9000
2019-06-10,Midwest,262.0000,166.9000
2019-06-17,East Coast,255.7000,174.2000
2019-06-17,Gulf Coast,233.6000,169.9000
2019-06-17,Midwest,254.1000,169.9000
2019-06-24,East Coast,254.1000,189.0000
2019-06-24,Gulf Coast,229.9000,184.3000
2019-06-24,Midwest,256.2000,184.3000
2019-07-01,East Coast,262.6000,190.8000
2019-07-01,Gulf Coast,236.8000,185.9000
2019-07-01,Midwest,262.9000,185.9000
2019-07-08,East Coast,266.1000,195.1000
2019-07-08,Gulf Coast,241.8000,192.1000
2019-07-08,Midwest,266.8000,192.1000
2019-07-15,East Coast,268.0000,186.2000
2019-07-15,Gulf Coast,245.5000,182.3000
2019-07-15,Midwest,276.3000,182.3000
2019-07-22,East Coast,267.2000,184.8000
2019-07-22,Gulf Coast,246.3000,181.4000
2019-07-22,Midwest,268.9000,181.4000
2019-07-29,East Coast,262.9000,183.6000
2019-07-29,Gulf Coast,242.2000,181.6000
2019-07-29,Midwest,265.9000,181.6000
2019-08-05,East Coast,259.9000,168.8000
2019-08-05,Gulf Coast,238.5000,164.3000
2019-08-05,Midwest,263.3000,164.3000
2019-08-12,East Coast,255.2000,168.2000
2019-08-12,Gulf Coast,232.4000,162.2000
2019-08-12,Midwest,252.2000,162.2000
2019-08-19,East Coast,251.7000,169.5000
2019-08-19,Gulf Coast,226.9000,171.4000
2019-08-19,Midwest,251.7000,171.4000
2019-08-26,East Coast,248.3000,167.9000
2019-08-26,Gulf Coast,226.1000,175.4000
2019-08-26,Midwest,249.5000,175.4000
2019-09-02,East Coast,248.0000,164.1000
2019-09-02,Gulf Coast,222.6000,162.0000
2019-09-02,Midwest,246.4000,162.0000
2019-09-09,East Coast,246.2000,170.4000
2019-09-09,Gulf Coast,223.6000,164.5000
2019-09-09,Midwest,243.8000,164.5000
2019-09-16,East Coast,245.3000,180.8000
2019-09-16,Gulf Coast,223.3000,175.1000
2019-09-16,Midwest,245.6000,175.1000
2019-09-23,East Coast,254.0000,175.4000
2019-09-23,Gulf Coast,235.3000,171.2000
2019-09-23,Midwest,258.5000,171.2000
2019-09-30,East Coast,250.6000,168.0000
2019-09-30,Gulf Coast,232.6000,162.0000
2019-09-30,Midwest,248.8000,162.0000
2019-10-07,East Coast,248.6000,170.9000
2019-10-07,Gulf Coast,228.2000,164.3000
2019-10-07,Midwest,249.9000,164.3000
2019-10-14,East Coast,246.2000,174.0000
2019-10-14,Gulf Coast,225.7000,165.0000
2019-10-14,Midwest,247.8000,165.0000
2019-10-21,East Coast,248.2000,175.2000
2019-10-21,Gulf Coast,227.9000,165.7000
2019-10-21,Midwest,247.6000,165.7000
2019-10-28,East Coast,245.4000,176.0000
2019-10-28,Gulf Coast,224.5000,166.6000
2019-10-28,Midwest,241.0000,166.6000
2019-11-04,East Coast,247.6000,175.5000
2019-11-04,Gulf Coast,223.0000,164.3000
2019-11-04,Midwest,241.6000,164.3000
2019-11-11,East Coast,247.4000,170.8000
2019-11-11,Gulf Coast,226.2000,160.6000
2019-11-11,Midwest,243.6000,160.6000
2019-11-18,East Coast,245.3000,170.7000
2019-11-18,Gulf Coast,222.0000,162.6000
2019-11-18,Midwest,243.5000,162.6000
2019-11-25,East Coast,246.2000,172.2000
2019-11-25,Gulf Coast,223.8000,166.4000
2019-11-25,Midwest,240.3000,166.4000
2019-12-02,East Coast,247.8000,164.1000
2019-12-02,Gulf Coast,222.5000,156.4000
2019-12-02,Midwest,242.4000,156.4000
2019-12-09,East Coast,247.8000,169.0000
2019-12-09,Gulf Coast,220.3000,159.8000
2019-12-09,Midwest,242.4000,159.8000
2019-12-16,East Coast,245.8000,173.3000
2019-12-16,Gulf Coast,222.8000,162.1000
2019-12-16,Midwest,239.1000,162.1000
2019-12-23,East Coast,246.3000,177.3000
2019-12-23,Gulf Coast,221.5000,170.9000
2019-12-23,Midwest,240.3000,170.9000
2019-12-30,East Coast,250.1000,176.8000
2019-12-30,Gulf Coast,228.2000,170.4000
2019-12-30,Midwest,245.2000,170.4000
2020-01-06,East Coast,253.9000,172.7000
2020-01-06,Gulf Coast,227.7000,165.9000
2020-01-06,Midwest,243.4000,165.9000
2020-01-13,East Coast,251.9000,169.4000
2020-01-13,Gulf Coast,227.5000,162.0000
2020-01-13,Midwest,244.1000,162.0000
2020-01-20,East Coast,249.6000,161.4000
2020-01-20,Gulf Coast,223.0000,153.8000
2020-01-20,Midwest,239.0000,153.8000
2020-01-27,East Coast,245.0000,154.5000
2020-01-27,Gulf Coast,219.5000,147.4000
2020-01-27,Midwest,237.1000,147.4000
2020-02-03,East Coast,239.3000,152.3000
2020-02-03,Gulf Coast,213.6000,144.4000
2020-02-03,Midwest,231.3000,144.4000
2020-02-10,East Coast,236.9000,159.5000
2020-02-10,Gulf Coast,208.7000,148.9000
2020-02-10,Midwest,226.0000,148.9000
2020-02-17,East Coast,236.4000,168.8000
2020-02-17,Gulf Coast,208.3000,150.4000
2020-02-17,Midwest,230.7000,150.4000
2020-02-24,East Coast,240.0000,153.7000
2020-02-24,Gulf Coast,215.1000,138.5000
2020-02-24,Midwest,235.5000,138.5000
2020-03-02,East Coast,235.1000,149.2000
2020-03-02,Gulf Coast,211.2000,145.1000
2020-03-02,Midwest,230.0000,145.1000
2020-03-09,East Coast,230.2000,104.4000
2020-03-09,Gulf Coast,205.9000,99.7000
2020-03-09,Midwest,223.3000,99.7000
2020-03-16,East Coast,219.3000,66.7000
2020-03-16,Gulf Coast,196.6000,64.2000
2020-03-16,Midwest,203.7000,64.2000
2020-03-23,East Coast,208.4000,49.9000
2020-03-23,Gulf Coast,186.0000,41.8000
2020-03-23,Midwest,187.3000,41.8000
2020-03-30,East Coast,198.0000,52.8000
2020-03-30,Gulf Coast,176.3000,49.7000
2020-03-30,Midwest,173.5000,49.7000
2020-04-06,East Coast,192.1000,61.0000
2020-04-06,Gulf Coast,165.8000,55.3000
2020-04-06,Midwest,162.9000,55.3000
2020-04-13,East Coast,187.8000,60.9000
2020-04-13,Gulf Coast,157.6000,59.4000
2020-04-13,Midwest,155.1000,59.4000
2020-04-20,East Coast,184.4000,56.8000
2020-04-20,Gulf Coast,154.4000,49.4000
2020-04-20,Midwest,151.0000,49.4000
2020-04-27,East Coast,181.0000,65.2000
2020-04-27,Gulf Coast,150.8000,57.2000
2020-04-27,Midwest,147.8000,57.2000
2020-05-04,East Coast,179.4000,82.5000
2020-05-04,Gulf Coast,148.8000,77.2000
2020-05-04,Midwest,157.3000,77.2000
2020-05-11,East Coast,181.5000,82.8000
2020-05-11,Gulf Coast,150.1000,80.3000
2020-05-11,Midwest,175.1000,80.3000
2020-05-18,East Coast,183.3000,96.5000
2020-05-18,Gulf Coast,154.1000,91.0000
2020-05-18,Midwest,178.3000,91.0000
2020-05-25,East Coast,190.6000,93.8000
2020-05-25,Gulf Coast,159.8000,88.9000
2020-05-25,Midwest,188.5000,88.9000
2020-06-01,East Coast,191.3000,103.9000
2020-06-01,Gulf Coast,161.9000,102.2000
2020-06-01,Midwest,189.3000,102.2000
2020-06-08,East Coast,195.0000,109.2000
2020-06-08,Gulf Coast,168.0000,107.2000
2020-06-08,Midwest,198.7000,107.2000
2020-06-15,East Coast,202.2000,115.7000
2020-06-15,Gulf Coast,177.6000,113.6000
2020-06-15,Midwest,202.6000,113.6000
2020-06-22,East Coast,205.0000,118.2000
2020-06-22,Gulf Coast,181.5000,113.5000
2020-06-22,Midwest,205.6000,113.5000
2020-06-29,East Coast,208.6000,117.3000
2020-06-29,Gulf Coast,187.0000,114.7000
2020-06-29,Midwest,211.0000,114.7000
2020-07-06,East Coast,210.0000,123.1000
2020-07-06,Gulf Coast,185.9000,118.7000
2020-07-06,Midwest,210.2000,118.7000
2020-07-13,East Coast,211.2000,122.1000
2020-07-13,Gulf Coast,187.0000,114.3000
2020-07-13,Midwest,212.5000,114.3000
2020-07-20,East Coast,210.6000,123.8000
2020-07-20,Gulf Coast,187.5000,118.2000
2020-07-20,Midwest,209.1000,118.2000
2020-07-27,East Coast,209.3000,120.0000
2020-07-27,Gulf Coast,185.6000,115.3000
2020-07-27,Midwest,207.5000,115.3000
2020-08-03,East Coast,210.5000,118.6000
2020-08-03,Gulf Coast,184.7000,114.5000
2020-08-03,Midwest,205.5000,114.5000
2020-08-10,East Coast,209.3000,121.2000
2020-08-10,Gulf Coast,181.3000,117.4000
2020-08-10,Midwest,205.9000,117.4000
2020-08-17,East Coast,208.6000,127.4000
2020-08-17,Gulf Coast,185.0000,126.8000
2020-08-17,Midwest,205.1000,126.8000
2020-08-24,East Coast,209.6000,132.3000
2020-08-24,Gulf Coast,186.6000,137.8000
2020-08-24,Midwest,207.3000,137.8000
2020-08-31,East Coast,215.6000,124.9000
2020-08-31,Gulf Coast,188.9000,121.7000
2020-08-31,Midwest,212.1000,121.7000
2020-09-07,East Coast,216.8000,115.5000
2020-09-07,Gulf Coast,189.0000,109.3000
2020-09-07,Midwest,206.6000,109.3000
2020-09-14,East Coast,213.8000,123.5000
2020-09-14,Gulf Coast,185.7000,117.9000
2020-09-14,Midwest,202.7000,117.9000
2020-09-21,East Coast,211.4000,123.8000
2020-09-21,Gulf Coast,183.8000,119.2000
2020-09-21,Midwest,203.4000,119.2000
2020-09-28,East Coast,210.8000,123.6000
2020-09-28,Gulf Coast,183.6000,118.8000
2020-09-28,Midwest,205.9000,118.8000
2020-10-05,East Coast,213.0000,126.7000
2020-10-05,Gulf Coast,182.7000,122.1000
2020-10-05,Midwest,204.9000,122.1000
2020-10-12,East Coast,213.1000,123.0000
2020-10-12,Gulf Coast,183.9000,116.7000
2020-10-12,Midwest,203.2000,116.7000
2020-10-19,East Coast,211.8000,119.2000
2020-10-19,Gulf Coast,183.0000,113.2000
2020-10-19,Midwest,200.0000,113.2000
2020-10-26,East Coast,209.4000,111.6000
2020-10-26,Gulf Coast,183.2000,105.5000
2020-10-26,Midwest,201.1000,105.5000
2020-11-02,East Coast,207.0000,112.2000
2020-11-02,Gulf Coast,178.6000,105.3000
2020-11-02,Midwest,196.9000,105.3000
2020-11-09,East Coast,204.7000,119.3000
2020-11-09,Gulf Coast,174.8000,112.4000
2020-11-09,Midwest,196.8000,112.4000
2020-11-16,East Coast,207.4000,118.9000
2020-11-16,Gulf Coast,178.2000,113.4000
2020-11-16,Midwest,196.3000,113.4000
2020-11-23,East Coast,207.2000,127.2000
2020-11-23,Gulf Coast,177.2000,122.3000
2020-11-23,Midwest,194.0000,122.3000
2020-11-30,East Coast,210.6000,127.5000
2020-11-30,Gulf Coast,178.8000,121.6000
2020-11-30,Midwest,194.6000,121.6000
2020-12-07,East Coast,213.8000,131.4000
2020-12-07,Gulf Coast,183.6000,125.3000
2020-12-07,Midwest,200.5000,125.3000
2020-12-14,East Coast,214.0000,138.8000
2020-12-14,Gulf Coast,184.2000,132.8000
2020-12-14,Midwest,200.8000,132.8000
2020-12-21,East Coast,219.1000,139.7000
2020-12-21,Gulf Coast,193.2000,133.2000
2020-12-21,Midwest,211.9000,133.2000
2020-12-28,East Coast,219.8000,142.2000
2020-12-28,Gulf Coast,192.8000,136.3000
2020-12-28,Midwest,217.0000,136.3000
2021-01-04,East Coast,221.9000,149.6000
2021-01-04,Gulf Coast,192.8000,143.4000
2021-01-04,Midwest,215.1000,143.4000
2021-01-11,East Coast,229.5000,157.3000
2021-01-11,Gulf Coast,201.8000,151.8000
2021-01-11,Midwest,221.5000,151.8000
2021-01-18,East Coast,234.9000,158.1000
2021-01-18,Gulf Coast,211.3000,151.2000
2021-01-18,Midwest,227.8000,151.2000
2021-01-25,East Coast,237.3000,160.6000
2021-01-25,Gulf Coast,210.3000,153.8000
2021-01-25,Midwest,227.8000,153.8000
2021-02-01,East Coast,237.8000,166.5000
2021-02-01,Gulf Coast,210.8000,160.2000
2021-02-01,Midwest,231.4000,160.2000
2021-02-08,East Coast,243.8000,168.5000
2021-02-08,Gulf Coast,216.3000,162.7000
2021-02-08,Midwest,236.2000,162.7000
2021-02-15,East Coast,247.0000,180.7000
2021-02-15,Gulf Coast,221.6000,172.6000
2021-02-15,Midwest,239.9000,172.6000
2021-02-22,East Coast,260.4000,189.7000
2021-02-22,Gulf Coast,234.1000,179.9000
2021-02-22,Midwest,256.2000,179.9000
2021-03-01,East Coast,265.2000,194.0000
2021-03-01,Gulf Coast,241.1000,192.0000
2021-03-01,Midwest,266.2000,192.0000
2021-03-08,East Coast,270.4000,208.1000
2021-03-08,Gulf Coast,249.5000,202.1000
2021-03-08,Midwest,270.6000,202.1000
2021-03-15,East Coast,278.7000,204.0000
2021-03-15,Gulf Coast,260.5000,196.7000
2021-03-15,Midwest,276.4000,196.7000
2021-03-22,East Coast,280.7000,190.8000
2021-03-22,Gulf Coast,262.3000,188.0000
2021-03-22,Midwest,274.3000,188.0000
2021-03-29,East Coast,277.8000,195.9000
2021-03-29,Gulf Coast,260.2000,193.7000
2021-03-29,Midwest,274.7000,193.7000
2021-04-05,East Coast,276.5000,194.5000
2021-04-05,Gulf Coast,258.7000,192.3000
2021-04-05,Midwest,278.2000,192.3000
2021-04-12,East Coast,275.4000,200.3000
2021-04-12,Gulf Coast,257.7000,196.9000
2021-04-12,Midwest,275.4000,196.9000
2021-04-19,East Coast,275.0000,197.9000
2021-04-19,Gulf Coast,256.5000,194.7000
2021-04-19,Midwest,277.2000,194.7000
2021-04-26,East Coast,275.8000,202.3000
2021-04-26,Gulf Coast,258.6000,199.3000
2021-04-26,Midwest,279.5000,199.3000
2021-05-03,East Coast,277.7000,212.0000
2021-05-03,Gulf Coast,258.3000,204.8000
2021-05-03,Midwest,280.6000,204.8000
2021-05-10,East Coast,286.3000,213.5000
2021-05-10,Gulf Coast,266.7000,205.3000
2021-05-10,Midwest,286.5000,205.3000
2021-05-17,East Coast,293.9000,210.5000
2021-05-17,Gulf Coast,277.8000,201.8000
2021-05-17,Midwest,291.4000,201.8000
2021-05-24,East Coast,293.4000,210.6000
2021-05-24,Gulf Coast,275.0000,203.2000
2021-05-24,Midwest,289.6000,203.2000
2021-05-31,East Coast,292.8000,215.6000
2021-05-31,Gulf Coast,271.7000,209.2000
2021-05-31,Midwest,293.1000,209.2000
2021-06-07,East Coast,293.1000,216.2000
2021-06-07,Gulf Coast,270.5000,211.4000
2021-06-07,Midwest,295.1000,211.4000
2021-06-14,East Coast,296.3000,212.1000
2021-06-14,Gulf Coast,275.4000,207.5000
2021-06-14,Midwest,298.7000,207.5000
2021-06-21,East Coast,296.0000,220.8000
2021-06-21,Gulf Coast,272.6000,216.1000
2021-06-21,Midwest,296.4000,216.1000
2021-06-28,East Coast,297.8000,222.1000
2021-06-28,Gulf Coast,277.6000,218.5000
2021-06-28,Midwest,299.0000,218.5000
2021-07-05,East Coast,300.8000,222.0000
2021-07-05,Gulf Coast,279.6000,219.5000
2021-07-05,Midwest,302.6000,219.5000
2021-07-12,East Coast,301.3000,226.8000
2021-07-12,Gulf Coast,282.6000,221.4000
2021-07-12,Midwest,302.3000,221.4000
2021-07-19,East Coast,302.3000,220.4000
2021-07-19,Gulf Coast,283.3000,213.5000
2021-07-19,Midwest,306.0000,213.5000
2021-07-26,East Coast,300.9000,233.0000
2021-07-26,Gulf Coast,280.6000,226.8000
2021-07-26,Midwest,303.0000,226.8000
2021-08-02,East Coast,302.6000,228.2000
2021-08-02,Gulf Coast,283.5000,221.6000
2021-08-02,Midwest,304.9000,221.6000
2021-08-09,East Coast,304.0000,228.4000
2021-08-09,Gulf Coast,283.0000,222.1000
2021-08-09,Midwest,306.4000,222.1000
2021-08-16,East Coast,303.8000,212.2000
2021-08-16,Gulf Coast,284.6000,206.3000
2021-08-16,Midwest,305.4000,206.3000
2021-08-23,East Coast,302.3000,222.5000
2021-08-23,Gulf Coast,280.3000,229.4000
2021-08-23,Midwest,299.9000,229.4000
2021-08-30,East Coast,302.0000,231.9000
2021-08-30,Gulf Coast,277.4000,227.8000
2021-08-30,Midwest,300.3000,227.8000
2021-09-06,East Coast,306.5000,228.7000
2021-09-06,Gulf Coast,282.6000,218.7000
2021-09-06,Midwest,304.7000,218.7000
2021-09-13,East Coast,305.5000,230.3000
2021-09-13,Gulf Coast,281.3000,221.7000
2021-09-13,Midwest,302.9000,221.7000
2021-09-20,East Coast,308.6000,223.8000
2021-09-20,Gulf Coast,280.7000,214.6000
2021-09-20,Midwest,306.5000,214.6000
2021-09-27,East Coast,307.7000,229.4000
2021-09-27,Gulf Coast,284.0000,224.9000
2021-09-27,Midwest,303.6000,224.9000
2021-10-04,East Coast,308.2000,241.4000
2021-10-04,Gulf Coast,283.5000,234.7000
2021-10-04,Midwest,307.1000,234.7000
2021-10-11,East Coast,318.2000,250.2000
2021-10-11,Gulf Coast,293.5000,241.7000
2021-10-11,Midwest,314.3000,241.7000
2021-10-18,East Coast,324.3000,256.7000
2021-10-18,Gulf Coast,298.4000,247.6000
2021-10-18,Midwest,320.2000,247.6000
2021-10-25,East Coast,333.8000,254.9000
2021-10-25,Gulf Coast,306.2000,249.7000
2021-10-25,Midwest,321.7000,249.7000
2021-11-01,East Coast,334.4000,249.5000
2021-11-01,Gulf Coast,306.7000,237.7000
2021-11-01,Midwest,321.3000,237.7000
2021-11-08,East Coast,334.1000,243.0000
2021-11-08,Gulf Coast,310.2000,230.8000
2021-11-08,Midwest,325.7000,230.8000
2021-11-15,East Coast,333.6000,237.8000
2021-11-15,Gulf Coast,307.1000,225.7000
2021-11-15,Midwest,321.8000,225.7000
2021-11-22,East Coast,334.8000,237.6000
2021-11-22,Gulf Coast,303.0000,226.1000
2021-11-22,Midwest,319.8000,226.1000
2021-11-29,East Coast,333.9000,205.1000
2021-11-29,Gulf Coast,300.1000,201.0000
2021-11-29,Midwest,317.1000,201.0000
2021-12-06,East Coast,329.8000,219.6000
2021-12-06,Gulf Coast,298.9000,212.2000
2021-12-06,Midwest,310.7000,212.2000
2021-12-13,East Coast,327.6000,221.1000
2021-12-13,Gulf Coast,293.9000,210.4000
2021-12-13,Midwest,308.4000,210.4000
2021-12-20,East Coast,325.7000,220.9000
2021-12-20,Gulf Coast,293.8000,214.1000
2021-12-20,Midwest,305.1000,214.1000
2021-12-27,East Coast,324.4000,229.8000
2021-12-27,Gulf Coast,290.6000,224.2000
2021-12-27,Midwest,303.2000,224.2000
2022-01-03,East Coast,323.8000,232.4000
2022-01-03,Gulf Coast,294.3000,228.0000
2022-01-03,Midwest,303.3000,228.0000
2022-01-10,East Coast,322.5000,241.1000
2022-01-10,Gulf Coast,292.0000,236.5000
2022-01-10,Midwest,310.8000,236.5000
2022-01-17,East Coast,323.8000,249.0000
2022-01-17,Gulf Coast,295.6000,244.0000
2022-01-17,Midwest,310.7000,244.0000
2022-01-24,East Coast,325.0000,254.9000
2022-01-24,Gulf Coast,300.9000,249.5000
2022-01-24,Midwest,312.5000,249.5000
2022-01-31,East Coast,331.3000,266.5000
2022-01-31,Gulf Coast,302.9000,260.5000
2022-01-31,Midwest,318.6000,260.5000
2022-02-07,East Coast,339.1000,274.2000
2022-02-07,Gulf Coast,312.3000,267.8000
2022-02-07,Midwest,328.8000,267.8000
2022-02-14,East Coast,345.3000,273.3000
2022-02-14,Gulf Coast,318.6000,267.2000
2022-02-14,Midwest,332.1000,267.2000
2022-02-21,East Coast,350.3000,278.1000
2022-02-21,Gulf Coast,323.7000,262.4000
2022-02-21,Midwest,335.2000,262.4000
2022-02-28,East Coast,356.3000,316.8000
2022-02-28,Gulf Coast,330.7000,305.8000
2022-02-28,Midwest,346.6000,305.8000
2022-03-07,East Coast,409.8000,330.7000
2022-03-07,Gulf Coast,382.0000,328.4000
2022-03-07,Midwest,391.6000,328.4000
2022-03-14,East Coast,426.8000,300.0000
2022-03-14,Gulf Coast,402.9000,303.4000
2022-03-14,Midwest,409.1000,303.4000
2022-03-21,East Coast,412.7000,327.4000
2022-03-21,Gulf Coast,393.9000,332.2000
2022-03-21,Midwest,403.5000,332.2000
2022-03-28,East Coast,409.2000,307.5000
2022-03-28,Gulf Coast,388.4000,313.9000
2022-03-28,Midwest,405.3000,313.9000
2022-04-04,East Coast,404.5000,310.5000
2022-04-04,Gulf Coast,381.5000,305.9000
2022-04-04,Midwest,397.2000,305.9000
2022-04-11,East Coast,396.6000,318.6000
2022-04-11,Gulf Coast,373.2000,313.1000
2022-04-11,Midwest,389.2000,313.1000
2022-04-18,East Coast,392.6000,312.1000
2022-04-18,Gulf Coast,373.3000,320.8000
2022-04-18,Midwest,387.6000,320.8000
2022-04-25,East Coast,398.1000,338.2000
2022-04-25,Gulf Coast,379.2000,333.1000
2022-04-25,Midwest,391.9000,333.1000
2022-05-02,East Coast,409.0000,365.3000
2022-05-02,Gulf Coast,386.0000,356.9000
2022-05-02,Midwest,398.8000,356.9000
2022-05-09,East Coast,423.7000,374.5000
2022-05-09,Gulf Coast,401.1000,377.1000
2022-05-09,Midwest,415.3000,377.1000
2022-05-16,East Coast,443.2000,393.1000
2022-05-16,Gulf Coast,415.5000,377.2000
2022-05-16,Midwest,430.0000,377.2000
2022-05-23,East Coast,453.1000,392.7000
2022-05-23,Gulf Coast,425.6000,384.8000
2022-05-23,Midwest,440.0000,384.8000
2022-05-30,East Coast,454.7000,433.6000
2022-05-30,Gulf Coast,422.0000,413.8000
2022-05-30,Midwest,445.7000,413.8000
2022-06-06,East Coast,472.0000,432.8000
2022-06-06,Gulf Coast,455.2000,425.3000
2022-06-06,Midwest,481.5000,425.3000
2022-06-13,East Coast,484.9000,398.4000
2022-06-13,Gulf Coast,463.3000,398.3000
2022-06-13,Midwest,497.0000,398.3000
2022-06-20,East Coast,478.6000,388.6000
2022-06-20,Gulf Coast,461.1000,389.2000
2022-06-20,Midwest,490.9000,389.2000
2022-06-27,East Coast,468.8000,383.8000
2022-06-27,Gulf Coast,450.0000,389.9000
2022-06-27,Midwest,482.2000,389.9000
2022-07-04,East Coast,459.1000,353.2000
2022-07-04,Gulf Coast,435.1000,342.6000
2022-07-04,Midwest,472.9000,342.6000
2022-07-11,East Coast,447.2000,347.3000
2022-07-11,Gulf Coast,419.0000,323.0000
2022-07-11,Midwest,459.9000,323.0000
2022-07-18,East Coast,434.5000,340.6000
2022-07-18,Gulf Coast,400.0000,309.7000
2022-07-18,Midwest,442.8000,309.7000
2022-07-25,East Coast,420.6000,346.9000
2022-07-25,Gulf Coast,383.1000,330.3000
2022-07-25,Midwest,422.7000,330.3000
2022-08-01,East Coast,409.4000,320.0000
2022-08-01,Gulf Coast,369.3000,275.8000
2022-08-01,Midwest,403.6000,275.8000
2022-08-08,East Coast,396.7000,316.5000
2022-08-08,Gulf Coast,353.5000,280.6000
2022-08-08,Midwest,385.1000,280.6000
2022-08-15,East Coast,385.6000,302.5000
2022-08-15,Gulf Coast,342.8000,276.1000
2022-08-15,Midwest,375.5000,276.1000
2022-08-22,East Coast,376.6000,288.8000
2022-08-22,Gulf Coast,340.3000,283.9000
2022-08-22,Midwest,373.0000,283.9000
2022-08-29,East Coast,372.2000,268.1000
2022-08-29,Gulf Coast,335.6000,268.5000
2022-08-29,Midwest,367.5000,268.5000
2022-09-05,East Coast,361.3000,260.4000
2022-09-05,Gulf Coast,322.9000,248.6000
2022-09-05,Midwest,363.8000,248.6000
2022-09-12,East Coast,352.7000,270.3000
2022-09-12,Gulf Coast,312.6000,255.8000
2022-09-12,Midwest,357.1000,255.8000
2022-09-19,East Coast,345.7000,260.9000
2022-09-19,Gulf Coast,315.7000,260.0000
2022-09-19,Midwest,351.8000,260.0000
2022-09-26,East Coast,340.8000,266.7000
2022-09-26,Gulf Coast,311.8000,267.7000
2022-09-26,Midwest,363.1000,267.7000
2022-10-03,East Coast,333.6000,297.8000
2022-10-03,Gulf Coast,308.1000,288.9000
2022-10-03,Midwest,372.2000,288.9000
2022-10-10,East Coast,347.9000,293.1000
2022-10-10,Gulf Coast,329.4000,278.9000
2022-10-10,Midwest,388.1000,278.9000
2022-10-17,East Coast,352.4000,292.0000
2022-10-17,Gulf Coast,331.9000,269.7000
2022-10-17,Midwest,378.8000,269.7000
2022-10-24,East Coast,348.1000,318.4000
2022-10-24,Gulf Coast,321.8000,296.2000
2022-10-24,Midwest,368.8000,296.2000
2022-10-31,East Coast,352.2000,312.6000
2022-10-31,Gulf Coast,317.7000,273.9000
2022-10-31,Midwest,364.1000,273.9000
2022-11-07,East Coast,359.0000,308.8000
2022-11-07,Gulf Coast,318.6000,259.5000
2022-11-07,Midwest,377.6000,259.5000
2022-11-14,East Coast,361.1000,281.2000
2022-11-14,Gulf Coast,313.7000,237.2000
2022-11-14,Midwest,367.7000,237.2000
2022-11-21,East Coast,353.8000,266.2000
2022-11-21,Gulf Coast,302.1000,237.4000
2022-11-21,Midwest,351.9000,237.4000
2022-11-28,East Coast,346.8000,251.7000
2022-11-28,Gulf Coast,291.5000,217.5000
2022-11-28,Midwest,337.4000,217.5000
2022-12-05,East Coast,335.4000,229.8000
2022-12-05,Gulf Coast,280.8000,200.1000
2022-12-05,Midwest,321.2000,200.1000
2022-12-12,East Coast,322.5000,226.2000
2022-12-12,Gulf Coast,272.7000,205.3000
2022-12-12,Midwest,303.4000,205.3000
2022-12-19,East Coast,311.8000,235.5000
2022-12-19,Gulf Coast,264.1000,219.1000
2022-12-19,Midwest,291.1000,219.1000
2022-12-26,East Coast,307.1000,250.2000
2022-12-26,Gulf Coast,268.4000,243.2000
2022-12-26,Midwest,289.9000,243.2000
2023-01-02,East Coast,321.0000,241.3000
2023-01-02,Gulf Coast,289.1000,233.3000
2023-01-02,Midwest,305.0000,233.3000
2023-01-09,East Coast,321.6000,251.5000
2023-01-09,Gulf Coast,289.0000,243.6000
2023-01-09,Midwest,314.5000,243.6000
2023-01-16,East Coast,325.9000,268.3000
2023-01-16,Gulf Coast,297.2000,265.1000
2023-01-16,Midwest,320.5000,265.1000
2023-01-23,East Coast,338.4000,272.6000
2023-01-23,Gulf Coast,309.2000,268.5000
2023-01-23,Midwest,330.4000,268.5000
2023-01-30,East Coast,346.6000,256.8000
2023-01-30,Gulf Coast,313.3000,250.3000
2023-01-30,Midwest,338.2000,250.3000
2023-02-06,East Coast,340.6000,258.6000
2023-02-06,Gulf Coast,309.2000,250.2000
2023-02-06,Midwest,329.7000,250.2000
2023-02-13,East Coast,333.9000,257.8000
2023-02-13,Gulf Coast,301.8000,250.2000
2023-02-13,Midwest,323.6000,250.2000
2023-02-20,East Coast,329.1000,244.5000
2023-02-20,Gulf Coast,300.7000,227.5000
2023-02-20,Midwest,322.0000,227.5000
2023-02-27,East Coast,324.4000,255.2000
2023-02-27,Gulf Coast,291.2000,238.1000
2023-02-27,Midwest,317.0000,238.1000
2023-03-06,East Coast,324.2000,253.4000
2023-03-06,Gulf Coast,297.9000,255.0000
2023-03-06,Midwest,326.5000,255.0000
2023-03-13,East Coast,331.5000,238.2000
2023-03-13,Gulf Coast,308.7000,247.3000
2023-03-13,Midwest,331.0000,247.3000
2023-03-20,East Coast,330.9000,249.2000
2023-03-20,Gulf Coast,302.2000,252.3000
2023-03-20,Midwest,326.2000,252.3000
2023-03-27,East Coast,329.7000,259.5000
2023-03-27,Gulf Coast,308.2000,262.0000
2023-03-27,Midwest,324.1000,262.0000
2023-04-03,East Coast,335.7000,282.5000
2023-04-03,Gulf Coast,314.8000,271.8000
2023-04-03,Midwest,338.9000,271.8000
2023-04-10,East Coast,346.1000,290.7000
2023-04-10,Gulf Coast,325.3000,277.4000
2023-04-10,Midwest,351.6000,277.4000
2023-04-17,East Coast,351.2000,271.2000
2023-04-17,Gulf Coast,334.1000,255.4000
2023-04-17,Midwest,359.0000,255.4000
2023-04-24,East Coast,354.3000,262.9000
2023-04-24,Gulf Coast,325.5000,243.8000
2023-04-24,Midwest,355.2000,243.8000
2023-05-01,East Coast,349.2000,247.7000
2023-05-01,Gulf Coast,314.7000,232.2000
2023-05-01,Midwest,348.4000,232.2000
2023-05-08,East Coast,342.7000,252.9000
2023-05-08,Gulf Coast,304.5000,240.2000
2023-05-08,Midwest,339.3000,240.2000
2023-05-15,East Coast,339.7000,257.0000
2023-05-15,Gulf Coast,307.9000,243.8000
2023-05-15,Midwest,344.0000,243.8000
2023-05-22,East Coast,338.1000,270.5000
2023-05-22,Gulf Coast,304.0000,260.2000
2023-05-22,Midwest,346.9000,260.2000
2023-05-29,East Coast,342.7000,263.4000
2023-05-29,Gulf Coast,312.1000,244.5000
2023-05-29,Midwest,348.4000,244.5000
2023-06-05,East Coast,341.0000,277.4000
2023-06-05,Gulf Coast,306.5000,249.5000
2023-06-05,Midwest,343.0000,249.5000
2023-06-12,East Coast,343.2000,270.1000
2023-06-12,Gulf Coast,314.5000,245.4000
2023-06-12,Midwest,351.3000,245.4000
2023-06-19,East Coast,341.9000,256.8000
2023-06-19,Gulf Coast,310.9000,240.8000
2023-06-19,Midwest,348.9000,240.8000
2023-06-26,East Coast,340.5000,256.0000
2023-06-26,Gulf Coast,319.0000,236.4000
2023-06-26,Midwest,345.2000,236.4000
2023-07-03,East Coast,337.2000,255.1000
2023-07-03,Gulf Coast,310.8000,243.5000
2023-07-03,Midwest,338.9000,243.5000
2023-07-10,East Coast,342.9000,264.9000
2023-07-10,Gulf Coast,315.2000,256.6000
2023-07-10,Midwest,336.2000,256.6000
2023-07-17,East Coast,342.2000,267.7000
2023-07-17,Gulf Coast,313.7000,267.2000
2023-07-17,Midwest,341.3000,267.2000
2023-07-24,East Coast,348.8000,285.6000
2023-07-24,Gulf Coast,324.3000,292.1000
2023-07-24,Midwest,340.4000,292.1000
2023-07-31,East Coast,364.6000,283.8000
2023-07-31,Gulf Coast,341.6000,285.4000
2023-07-31,Midwest,361.2000,285.4000
2023-08-07,East Coast,373.7000,293.1000
2023-08-07,Gulf Coast,345.3000,293.1000
2023-08-07,Midwest,367.8000,293.1000
2023-08-14,East Coast,371.1000,290.1000
2023-08-14,Gulf Coast,341.5000,290.4000
2023-08-14,Midwest,376.8000,290.4000
2023-08-21,East Coast,372.8000,285.2000
2023-08-21,Gulf Coast,345.8000,297.4000
2023-08-21,Midwest,372.0000,297.4000
2023-08-28,East Coast,367.8000,280.6000
2023-08-28,Gulf Coast,337.8000,283.4000
2023-08-28,Midwest,363.7000,283.4000
2023-09-04,East Coast,365.5000,288.4000
2023-09-04,Gulf Coast,336.4000,280.3000
2023-09-04,Midwest,363.0000,280.3000
2023-09-11,East Coast,363.3000,301.3000
2023-09-11,Gulf Coast,336.6000,290.9000
2023-09-11,Midwest,368.3000,290.9000
2023-09-18,East Coast,365.4000,289.8000
2023-09-18,Gulf Coast,343.1000,283.7000
2023-09-18,Midwest,371.0000,283.7000
2023-09-25,East Coast,359.8000,282.6000
2023-09-25,Gulf Coast,335.1000,275.0000
2023-09-25,Midwest,363.9000,275.0000
2023-10-02,East Coast,353.8000,253.6000
2023-10-02,Gulf Coast,332.1000,240.9000
2023-10-02,Midwest,353.9000,240.9000
2023-10-09,East Coast,347.6000,252.7000
2023-10-09,Gulf Coast,318.5000,228.3000
2023-10-09,Midwest,342.2000,228.3000
2023-10-16,East Coast,339.6000,258.0000
2023-10-16,Gulf Coast,304.0000,235.4000
2023-10-16,Midwest,332.6000,235.4000
2023-10-23,East Coast,334.8000,246.7000
2023-10-23,Gulf Coast,304.1000,224.0000
2023-10-23,Midwest,331.5000,224.0000
2023-10-30,East Coast,332.7000,229.6000
2023-10-30,Gulf Coast,296.5000,212.8000
2023-10-30,Midwest,325.3000,212.8000
2023-11-06,East Coast,325.2000,230.3000
2023-11-06,Gulf Coast,287.1000,208.8000
2023-11-06,Midwest,321.0000,208.8000
2023-11-13,East Coast,321.2000,230.7000
2023-11-13,Gulf Coast,280.9000,205.3000
2023-11-13,Midwest,318.5000,205.3000
2023-11-20,East Coast,316.6000,238.1000
2023-11-20,Gulf Coast,278.6000,209.3000
2023-11-20,Midwest,312.4000,209.3000
2023-11-27,East Coast,315.5000,231.3000
2023-11-27,Gulf Coast,271.0000,210.6000
2023-11-27,Midwest,303.1000,210.6000
2023-12-04,East Coast,320.6000,224.2000
2023-12-04,Gulf Coast,273.8000,192.2000
2023-12-04,Midwest,299.1000,192.2000
2023-12-11,East Coast,312.3000,221.8000
2023-12-11,Gulf Coast,262.2000,190.1000
2023-12-11,Midwest,290.1000,190.1000
2023-12-18,East Coast,305.0000,224.5000
2023-12-18,Gulf Coast,254.7000,213.2000
2023-12-18,Midwest,279.8000,213.2000
2023-12-25,East Coast,311.7000,219.3000
2023-12-25,Gulf Coast,268.4000,214.6000
2023-12-25,Midwest,285.8000,214.6000
2024-01-01,East Coast,308.7000,221.6000
2024-01-01,Gulf Coast,265.3000,208.8000
2024-01-01,Midwest,279.5000,208.8000
2024-01-08,East Coast,307.5000,216.9000
2024-01-08,Gulf Coast,267.6000,207.0000
2024-01-08,Midwest,276.8000,207.0000
2024-01-15,East Coast,303.9000,221.9000
2024-01-15,Gulf Coast,267.0000,214.1000
2024-01-15,Midwest,282.3000,214.1000
2024-01-22,East Coast,302.1000,232.1000
2024-01-22,Gulf Coast,268.5000,220.5000
2024-01-22,Midwest,288.9000,220.5000
2024-01-29,East Coast,308.3000,226.4000
2024-01-29,Gulf Coast,275.3000,222.5000
2024-01-29,Midwest,287.2000,222.5000
2024-02-05,East Coast,311.7000,230.3000
2024-02-05,Gulf Coast,282.1000,228.9000
2024-02-05,Midwest,291.1000,228.9000
2024-02-12,East Coast,315.1000,236.0000
2024-02-12,Gulf Coast,280.7000,236.6000
2024-02-12,Midwest,304.4000,236.6000
2024-02-19,East Coast,323.0000,233.9000
2024-02-19,Gulf Coast,290.1000,233.5000
2024-02-19,Midwest,312.2000,233.5000
2024-02-26,East Coast,320.4000,237.5000
2024-02-26,Gulf Coast,284.5000,240.1000
2024-02-26,Midwest,309.8000,240.1000
2024-03-04,East Coast,324.0000,236.4000
2024-03-04,Gulf Coast,294.9000,241.3000
2024-03-04,Midwest,326.9000,241.3000
2024-03-11,East Coast,326.5000,247.8000
2024-03-11,Gulf Coast,294.5000,259.5000
2024-03-11,Midwest,328.7000,259.5000
2024-03-18,East Coast,334.9000,257.2000
2024-03-18,Gulf Coast,309.9000,263.2000
2024-03-18,Midwest,330.9000,263.2000
2024-03-25,East Coast,338.8000,253.0000
2024-03-25,Gulf Coast,317.6000,255.2000
2024-03-25,Midwest,340.6000,255.2000
2024-04-01,East Coast,338.2000,274.7000
2024-04-01,Gulf Coast,311.6000,260.0000
2024-04-01,Midwest,336.6000,260.0000
2024-04-08,East Coast,339.1000,275.3000
2024-04-08,Gulf Coast,321.5000,263.3000
2024-04-08,Midwest,346.0000,263.3000
2024-04-15,East Coast,345.1000,272.6000
2024-04-15,Gulf Coast,317.7000,258.8000
2024-04-15,Midwest,346.5000,258.8000
2024-04-22,East Coast,354.0000,276.6000
2024-04-22,Gulf Coast,323.2000,257.3000
2024-04-22,Midwest,346.3000,257.3000
2024-04-29,East Coast,354.0000,267.2000
2024-04-29,Gulf Coast,319.2000,248.5000
2024-04-29,Midwest,345.3000,248.5000
2024-05-06,East Coast,354.9000,255.0000
2024-05-06,Gulf Coast,324.4000,240.5000
2024-05-06,Midwest,339.6000,240.5000
2024-05-13,East Coast,349.1000,253.5000
2024-05-13,Gulf Coast,316.8000,239.9000
2024-05-13,Midwest,343.4000,239.9000
2024-05-20,East Coast,347.5000,251.4000
2024-05-20,Gulf Coast,311.3000,239.0000
2024-05-20,Midwest,343.2000,239.0000
2024-05-27,East Coast,348.5000,246.0000
2024-05-27,Gulf Coast,311.2000,229.6000
2024-05-27,Midwest,345.9000,229.6000
2024-06-03,East Coast,344.3000,236.5000
2024-06-03,Gulf Coast,304.5000,221.7000
2024-06-03,Midwest,334.9000,221.7000
2024-06-10,East Coast,337.0000,240.6000
2024-06-10,Gulf Coast,295.1000,224.2000
2024-06-10,Midwest,326.2000,224.2000
2024-06-17,East Coast,335.7000,248.4000
2024-06-17,Gulf Coast,299.2000,230.1000
2024-06-17,Midwest,331.5000,230.1000
2024-06-24,East Coast,336.3000,252.7000
2024-06-24,Gulf Coast,301.6000,234.8000
2024-06-24,Midwest,332.3000,234.8000
2024-07-01,East Coast,338.9000,258.0000
2024-07-01,Gulf Coast,307.1000,244.6000
2024-07-01,Midwest,341.5000,244.6000
2024-07-08,East Coast,345.0000,252.1000
2024-07-08,Gulf Coast,305.8000,237.8000
2024-07-08,Midwest,336.7000,237.8000
2024-07-15,East Coast,346.6000,247.7000
2024-07-15,Gulf Coast,311.0000,235.0000
2024-07-15,Midwest,336.9000,235.0000
2024-07-22,East Coast,340.9000,244.2000
2024-07-22,Gulf Coast,304.7000,235.1000
2024-07-22,Midwest,342.6000,235.1000
2024-07-29,East Coast,339.5000,239.9000
2024-07-29,Gulf Coast,309.4000,233.5000
2024-07-29,Midwest,347.6000,233.5000
2024-08-05,East Coast,337.5000,239.1000
2024-08-05,Gulf Coast,301.0000,235.5000
2024-08-05,Midwest,342.8000,235.5000
2024-08-12,East Coast,332.6000,238.7000
2024-08-12,Gulf Coast,299.9000,232.3000
2024-08-12,Midwest,339.4000,232.3000
2024-08-19,East Coast,329.9000,226.8000
2024-08-19,Gulf Coast,299.6000,228.9000
2024-08-19,Midwest,332.2000,228.9000
2024-08-26,East Coast,325.4000,225.5000
2024-08-26,Gulf Coast,289.4000,222.5000
2024-08-26,Midwest,320.8000,222.5000
2024-09-02,East Coast,323.3000,202.2000
2024-09-02,Gulf Coast,284.4000,195.0000
2024-09-02,Midwest,317.1000,195.0000
2024-09-09,East Coast,314.9000,202.8000
2024-09-09,Gulf Coast,280.0000,193.6000
2024-09-09,Midwest,309.8000,193.6000
2024-09-16,East Coast,308.5000,210.6000
2024-09-16,Gulf Coast,272.8000,201.5000
2024-09-16,Midwest,300.5000,201.5000
2024-09-23,East Coast,305.2000,206.5000
2024-09-23,Gulf Coast,273.3000,201.2000
2024-09-23,Midwest,307.7000,201.2000
2024-09-30,East Coast,306.0000,212.7000
2024-09-30,Gulf Coast,269.5000,204.3000
2024-09-30,Midwest,310.5000,204.3000
2024-10-07,East Coast,300.9000,222.3000
2024-10-07,Gulf Coast,272.5000,214.1000
2024-10-07,Midwest,303.6000,214.1000
2024-10-14,East Coast,304.2000,213.9000
2024-10-14,Gulf Coast,273.5000,203.6000
2024-10-14,Midwest,310.0000,203.6000
2024-10-21,East Coast,305.4000,215.3000
2024-10-21,Gulf Coast,272.0000,196.1000
2024-10-21,Midwest,300.6000,196.1000
2024-10-28,East Coast,304.5000,207.6000
2024-10-28,Gulf Coast,264.6000,191.0000
2024-10-28,Midwest,292.3000,191.0000
2024-11-04,East Coast,299.2000,214.7000
2024-11-04,Gulf Coast,261.9000,199.7000
2024-11-04,Midwest,293.7000,199.7000
2024-11-11,East Coast,300.2000,207.3000
2024-11-11,Gulf Coast,263.0000,190.7000
2024-11-11,Midwest,286.6000,190.7000
2024-11-18,East Coast,300.3000,214.5000
2024-11-18,Gulf Coast,262.9000,197.6000
2024-11-18,Midwest,288.2000,197.6000
2024-11-25,East Coast,301.1000,207.8000
2024-11-25,Gulf Coast,263.5000,191.1000
2024-11-25,Midwest,286.6000,191.1000
2024-12-02,East Coast,298.9000,206.5000
2024-12-02,Gulf Coast,258.1000,188.8000
2024-12-02,Midwest,290.2000,188.8000
2024-12-09,East Coast,299.9000,205.0000
2024-12-09,Gulf Coast,260.3000,193.3000
2024-12-09,Midwest,280.8000,193.3000
2024-12-16,East Coast,299.1000,201.4000
2024-12-16,Gulf Coast,256.2000,191.9000
2024-12-16,Midwest,288.4000,191.9000
2024-12-23,East Coast,294.5000,202.4000
2024-12-23,Gulf Coast,264.7000,198.4000
2024-12-23,Midwest,293.5000,198.4000
2024-12-30,East Coast,295.6000,209.1000
2024-12-30,Gulf Coast,261.3000,203.7000
2024-12-30,Midwest,287.5000,203.7000
2025-01-06,East Coast,299.0000,210.9000
2025-01-06,Gulf Coast,265.5000,205.6000
2025-01-06,Midwest,293.8000,205.6000
2025-01-13,East Coast,299.8000,221.2000
2025-01-13,Gulf Coast,266.5000,215.3000
2025-01-13,Midwest,289.9000,215.3000
2025-01-20,East Coast,306.9000,215.7000
2025-01-20,Gulf Coast,269.1000,206.8000
2025-01-20,Midwest,298.5000,206.8000
2025-01-27,East Coast,307.6000,213.4000
2025-01-27,Gulf Coast,269.6000,205.2000
2025-01-27,Midwest,294.6000,205.2000
2025-02-03,East Coast,301.9000,216.5000
2025-02-03,Gulf Coast,270.9000,209.7000
2025-02-03,Midwest,291.9000,209.7000
2025-02-10,East Coast,305.0000,218.1000
2025-02-10,Gulf Coast,269.2000,210.3000
2025-02-10,Midwest,298.5000,210.3000
2025-02-17,East Coast,302.4000,214.8000
2025-02-17,Gulf Coast,274.0000,209.6000
2025-02-17,Midwest,298.2000,209.6000
2025-02-24,East Coast,301.1000,196.1000
2025-02-24,Gulf Coast,270.4000,200.3000
2025-02-24,Midwest,293.8000,200.3000
2025-03-03,East Coast,297.7000,194.5000
2025-03-03,Gulf Coast,263.6000,196.7000
2025-03-03,Midwest,288.2000,196.7000
2025-03-10,East Coast,294.5000,194.4000
2025-03-10,Gulf Coast,268.0000,199.9000
2025-03-10,Midwest,289.9000,199.9000
2025-03-17,East Coast,294.9000,199.5000
2025-03-17,Gulf Coast,262.9000,209.3000
2025-03-17,Midwest,289.4000,209.3000
2025-03-24,East Coast,296.1000,204.0000
2025-03-24,Gulf Coast,274.0000,211.8000
2025-03-24,Midwest,302.0000,211.8000
2025-03-31,East Coast,299.2000,204.2000
2025-03-31,Gulf Coast,273.0000,215.1000
2025-03-31,Midwest,307.4000,215.1000
2025-04-07,East Coast,307.9000,181.7000
2025-04-07,Gulf Coast,284.1000,191.6000
2025-04-07,Midwest,310.3000,191.6000
2025-04-14,East Coast,301.6000,186.5000
2025-04-14,Gulf Coast,274.7000,195.7000
2025-04-14,Midwest,300.8000,195.7000
2025-04-21,East Coast,298.3000,193.7000
2025-04-21,Gulf Coast,268.4000,200.8000
2025-04-21,Midwest,301.2000,200.8000
2025-04-28,East Coast,298.7000,188.9000
2025-04-28,Gulf Coast,268.6000,195.9000
2025-04-28,Midwest,299.2000,195.9000
2025-05-05,East Coast,299.8000,193.3000
2025-05-05,Gulf Coast,272.2000,200.0000
2025-05-05,Midwest,302.7000,200.0000
2025-05-12,East Coast,294.7000,199.2000
2025-05-12,Gulf Coast,269.2000,206.8000
2025-05-12,Midwest,297.8000,206.8000
2025-05-19,East Coast,299.0000,202.7000
2025-05-19,Gulf Coast,278.6000,209.7000
2025-05-19,Midwest,302.7000,209.7000
2025-05-26,East Coast,299.5000,194.4000
2025-05-26,Gulf Coast,272.6000,198.6000
2025-05-26,Midwest,301.8000,198.6000
2025-06-02,East Coast,297.6000,193.0000
2025-06-02,Gulf Coast,270.2000,199.9000
2025-06-02,Midwest,296.7000,199.9000
